clip_id,source_dataset,category,musan_source,source_file,genre_or_category,vocals,artist_or_speaker,gender,license,original_sample_rate,original_channels,original_duration_s,processed_sample_rate,duration,channels,samples,segment_start,segment_end,random_seed,valid_windows,candidate_windows,rms_dbfs,peak_dbfs,silent_frame_fraction,clipped_fraction,dc_offset,source_md5,clean_md5,quality_check,prep_notes,duplicate_check
M01,MUSAN (OpenSLR SLR17),music,hd-classical,music/hd-classical/music-hd-0014.wav,"westernart,classical",N,Bernd_Krueger,,,16000,1,281.417,16000,5.0,1,80000,220.5,225.5,2026,521,545,-21.85,-8.07,0.0,0.0,-9.9e-05,f873df8b5fd2c7b4e11cff325b4b40bf,5bc82f7b0862c2e63847cc6192039f8b,PASS,none (already 16 kHz mono),PASS
M02,MUSAN (OpenSLR SLR17),music,hd-classical,music/hd-classical/music-hd-0039.wav,"westernart,romantic",N,Kevin_MacLoad,,,16000,1,187.063,16000,5.0,1,80000,109.0,114.0,2026,347,357,-20.26,-5.52,0.0,0.0,-0.000201,4db7285d1ce0b0fb89227c7ec19be74d,0fc880498fac28a3c335213f2fd6d0ba,PASS,none (already 16 kHz mono),PASS
M03,MUSAN (OpenSLR SLR17),music,hd-classical,music/hd-classical/music-hd-0026.wav,"westernart,romantic",N,Museopen,,,16000,1,434.233,16000,5.0,1,80000,240.0,245.0,2026,800,851,-18.9,-3.37,0.0,0.0,3.5e-05,60e27caa849829b5a708c76a409d8992,4a69b56425b14fddebb16d595a9586bd,PASS,none (already 16 kHz mono),PASS
M04,MUSAN (OpenSLR SLR17),music,jamendo,music/jamendo/music-jamendo-0157.wav,latin,N,mounier,,,16000,1,275.539,16000,5.0,1,80000,57.0,62.0,2026,517,534,-15.75,-2.26,0.0,0.0,-0.006762,0cbe439ceef12b8b0c916cb35e0d0eab,bb6936dffabdc0fe05715489259ce711,PASS,none (already 16 kHz mono),PASS
M05,MUSAN (OpenSLR SLR17),music,jamendo,music/jamendo/music-jamendo-0175.wav,electronica,N,Outsider,,,16000,1,256.496,16000,5.0,1,80000,86.5,91.5,2026,485,495,-10.23,-0.39,0.0,0.0,0.076292,868eb972a012a1c5053a1dbdc2ca9a0d,fd3ff51197b63cba41cbabd8ff840c78,PASS,none (already 16 kHz mono),PASS
M06,MUSAN (OpenSLR SLR17),music,jamendo,music/jamendo/music-jamendo-0108.wav,"funk,electronica",N,JPMOUNIER,,,16000,1,340.009,16000,5.0,1,80000,121.5,126.5,2026,642,663,-15.74,-0.67,0.0,0.0,-0.001885,7edd15cd0e56f1167d287c1a9cbe848f,8faf1836893cbee2edb09d4343024c8a,PASS,none (already 16 kHz mono),PASS
M07,MUSAN (OpenSLR SLR17),music,jamendo,music/jamendo/music-jamendo-0093.wav,dance,Y,Hasenchat,,,16000,1,300.042,16000,5.0,1,80000,45.5,50.5,2026,528,583,-12.23,-0.71,0.0,0.0,0.000257,738963964db24fab102df26f98d99b60,b3de8d85a0b9a85fe1315f30d0155d65,PASS,none (already 16 kHz mono),PASS
M08,MUSAN (OpenSLR SLR17),music,rfm,music/rfm/music-rfm-0136.wav,rock,N,Kevin_MacLeod,,,16000,1,187.167,16000,5.0,1,80000,64.5,69.5,2026,347,357,-9.2,-0.07,0.0,0.0,0.000215,05919fd91bfdb639e35b6ebe369e077d,973e7379656e14e78e1a4af7ea1e690b,PASS,none (already 16 kHz mono),PASS
M09,MUSAN (OpenSLR SLR17),music,jamendo,music/jamendo/music-jamendo-0204.wav,adventure,Y,The_Down_and_Outs,,,16000,1,315.951,16000,5.0,1,80000,50.5,55.5,2026,594,614,-14.94,-0.63,0.0,0.0,-0.066396,1c3acf11c04ed8f7eac967c35d52318d,dc159ca7edfa94b5d59842f17004fbb2,PASS,none (already 16 kHz mono),PASS
M10,MUSAN (OpenSLR SLR17),music,jamendo,music/jamendo/music-jamendo-0029.wav,"metal,rock",Y,A_Tragedy,,,16000,1,190.667,16000,5.0,1,80000,87.5,92.5,2026,354,364,-10.33,-0.22,0.0,0.0,-0.006335,3373ac3143ee8d94844a8f7833dd0422,2f5c56027b6b297591a58a4e805d4b1d,PASS,none (already 16 kHz mono),PASS
S01,MUSAN (OpenSLR SLR17),speech,librivox,speech/librivox/speech-librivox-0150.wav,speech (italian),,,m,,16000,1,799.739,16000,5.0,1,80000,54.5,59.5,2026,262,1582,-27.56,-4.15,0.0,0.0,-0.000149,0806d86ec9403f1732be496940c3f3bd,58944e66cfa5642f54664400e96f2da9,PASS,none (already 16 kHz mono),PASS
S02,MUSAN (OpenSLR SLR17),speech,us-gov,speech/us-gov/speech-us-gov-0189.wav,speech (?),,,,,16000,1,599.98,16000,5.0,1,80000,237.5,242.5,2026,1158,1182,-27.25,-10.63,0.0,0.0,2.1e-05,496d0f6c33a67f0d9d1c19ecd019cf7e,974f6e18c578ed6c521a895bc7f24d4d,PASS,none (already 16 kHz mono),PASS
S03,MUSAN (OpenSLR SLR17),speech,librivox,speech/librivox/speech-librivox-0029.wav,speech (?),,,,,16000,1,377.078,16000,5.0,1,80000,133.0,138.0,2026,14,737,-19.32,-2.86,0.0327,0.0,8e-06,8c0e6f4480729f70a94c165bd2b17504,cdc72946de68a15950dc6ee562a31248,PASS,none (already 16 kHz mono),PASS
S04,MUSAN (OpenSLR SLR17),speech,librivox,speech/librivox/speech-librivox-0067.wav,speech (spanish),,,f,,16000,1,226.273,16000,5.0,1,80000,121.5,126.5,2026,2,435,-20.43,-2.78,0.0458,0.0,2e-06,1cd0845f2e1b4bedf00941c1ea4a8061,c38a1f9741ff4974ad24c91101f5fb98,PASS,none (already 16 kHz mono),PASS
S05,MUSAN (OpenSLR SLR17),speech,librivox,speech/librivox/speech-librivox-0116.wav,speech (english),,,m,,16000,1,889.705,16000,5.0,1,80000,304.5,309.5,2026,1452,1762,-24.24,-3.51,0.0,0.0,0.000104,f86af14c66af5ac37b82d6fb919b6b53,5e791e205a69dee4db2871565c568ba8,PASS,none (already 16 kHz mono),PASS
S06,MUSAN (OpenSLR SLR17),speech,us-gov,speech/us-gov/speech-us-gov-0001.wav,speech (?),,,,,16000,1,600.012,16000,5.0,1,80000,169.5,174.5,2026,1058,1183,-31.53,-13.08,0.0,0.0,-1.7e-05,6802a128100999bfa85452931328f5f5,cff08bde509b7773626d08eaabc8c863,PASS,none (already 16 kHz mono),PASS
S07,MUSAN (OpenSLR SLR17),speech,librivox,speech/librivox/speech-librivox-0140.wav,speech (english),,,f,,16000,1,251.402,16000,5.0,1,80000,221.0,226.0,2026,97,485,-26.92,-6.25,0.0261,0.0,3e-06,1e089632062ed3f2afeed8436b165755,d70cddc9faf7267ebeae4d5dd43fedba,PASS,none (already 16 kHz mono),PASS
S08,MUSAN (OpenSLR SLR17),speech,librivox,speech/librivox/speech-librivox-0016.wav,speech (arabic),,,m,,16000,1,630.23,16000,5.0,1,80000,159.5,164.5,2026,1084,1243,-24.19,-4.06,0.0,0.0,2.2e-05,f24debc9cfe27cc273a9c9e41c67b509,e531347b3c892535fc29dd8ca3b76467,PASS,none (already 16 kHz mono),PASS
S09,MUSAN (OpenSLR SLR17),speech,us-gov,speech/us-gov/speech-us-gov-0135.wav,speech (?),,,,,16000,1,584.516,16000,5.0,1,80000,68.0,73.0,2026,380,1152,-15.09,-0.71,0.0,0.0,-2.6e-05,eb05fc719016bcd4ca061b4897d97382,f8f5e67e81860375919e9cc9b412b279,PASS,none (already 16 kHz mono),PASS
S10,MUSAN (OpenSLR SLR17),speech,librivox,speech/librivox/speech-librivox-0141.wav,speech (english),,,f,,16000,1,81.424,16000,5.0,1,80000,60.5,65.5,2026,110,145,-22.01,-3.14,0.0,0.0,-1.1e-05,d575eafed8bed3dd5c80577d558855f1,0b34bd6fec256f4497958c48610f6272,PASS,none (already 16 kHz mono),PASS
