run_id,clip_id,category,gap_condition_ms,gap_count,gap_locations_s,gap_frames,gap_durations_ms,total_gap_duration_ms,masked_frames,time_holes_ms,placement,seed,mask_file
M01_gap200,M01,music,200,4,"[[1.2, 1.232], [1.712, 1.776], [2.576, 2.64], [3.472, 3.504]]","[[38, 39], [54, 56], [81, 83], [109, 110]]","[32.0, 64.0, 64.0, 32.0]",192.0,6,"[[1266.2, 1319.6], [1789.4, 1838.9], [2642.7, 2701.6], [3551.4, 3589.6]]",random,202600200,dataset/masks/200ms/M01.npy
M01_gap400,M01,music,400,7,"[[0.432, 0.496], [0.752, 0.816], [1.808, 1.84], [2.16, 2.224], [2.96, 3.024], [3.824, 3.888], [4.592, 4.656]]","[[14, 16], [24, 26], [57, 58], [68, 70], [93, 95], [120, 122], [144, 146]]","[64.0, 64.0, 32.0, 64.0, 64.0, 64.0, 64.0]",416.0,13,"[[500.7, 578.6], [830.1, 855.4], [1869.4, 1937.3], [2237.2, 2281.3], [3014.8, 3076.2], [3890.9, 3969.9], [4646.9, 4691.2]]",random,202600400,dataset/masks/400ms/M01.npy
M01_gap600,M01,music,600,11,"[[0.24, 0.304], [0.432, 0.496], [0.88, 0.912], [1.296, 1.36], [2.032, 2.064], [2.48, 2.544], [2.832, 2.896], [3.152, 3.216], [3.952, 3.984], [4.272, 4.336], [4.56, 4.624]]","[[8, 10], [14, 16], [28, 29], [41, 43], [64, 65], [78, 80], [89, 91], [99, 101], [124, 125], [134, 136], [143, 145]]","[64.0, 64.0, 32.0, 64.0, 32.0, 64.0, 64.0, 64.0, 32.0, 64.0, 64.0]",608.0,19,"[[306.4, 347.2], [501.2, 524.9], [932.8, 986.4], [1359.9, 1412.0], [2091.5, 2140.7], [2557.8, 2617.4], [2897.2, 2966.2], [3216.3, 3287.3], [4015.5, 4070.0], [4349.9, 4410.0], [4623.0, 4689.3]]",random,202600600,dataset/masks/600ms/M01.npy
M01_gap800,M01,music,800,15,"[[0.112, 0.176], [0.368, 0.432], [0.592, 0.656], [0.848, 0.912], [1.168, 1.2], [1.616, 1.648], [1.872, 1.936], [2.32, 2.352], [2.576, 2.64], [2.896, 2.96], [3.152, 3.216], [3.536, 3.568], [4.016, 4.048], [4.496, 4.56], [4.752, 4.816]]","[[4, 6], [12, 14], [19, 21], [27, 29], [37, 38], [51, 52], [59, 61], [73, 74], [81, 83], [91, 93], [99, 101], [111, 112], [126, 127], [141, 143], [149, 151]]","[64.0, 64.0, 64.0, 64.0, 32.0, 32.0, 64.0, 32.0, 64.0, 64.0, 64.0, 32.0, 32.0, 64.0, 64.0]",800.0,25,"[[170.8, 222.8], [436.1, 492.9], [647.4, 726.3], [918.4, 970.9], [1224.8, 1271.3], [1683.1, 1734.6], [1932.1, 2010.6], [2383.6, 2427.7], [2624.5, 2676.5], [2967.1, 3017.1], [3211.2, 3281.4], [3601.7, 3653.8], [4066.5, 4125.0], [4571.1, 4619.4], [4811.0, 4819.0]]",random,202600800,dataset/masks/800ms/M01.npy
M01_gap1000,M01,music,1000,19,"[[0.24, 0.304], [0.592, 0.624], [0.848, 0.912], [1.04, 1.104], [1.36, 1.392], [1.616, 1.68], [1.904, 1.936], [2.16, 2.224], [2.416, 2.448], [2.64, 2.672], [2.928, 2.992], [3.152, 3.184], [3.408, 3.472], [3.6, 3.664], [3.792, 3.856], [4.016, 4.08], [4.24, 4.272], [4.464, 4.528], [4.656, 4.72]]","[[8, 10], [19, 20], [27, 29], [33, 35], [43, 44], [51, 53], [60, 61], [68, 70], [76, 77], [83, 84], [92, 94], [99, 100], [107, 109], [113, 115], [119, 121], [126, 128], [133, 134], [140, 142], [146, 148]]","[64.0, 32.0, 64.0, 64.0, 32.0, 64.0, 32.0, 64.0, 32.0, 32.0, 64.0, 32.0, 64.0, 64.0, 64.0, 64.0, 32.0, 64.0, 64.0]",992.0,31,"[[316.8, 388.9], [648.0, 710.4], [911.2, 955.9], [1111.1, 1177.1], [1414.2, 1458.4], [1686.1, 1744.9], [1968.6, 2012.9], [2228.9, 2279.2], [2475.6, 2541.7], [2717.8, 2772.7], [2982.6, 3031.4], [3229.6, 3281.4], [3468.6, 3508.8], [3658.8, 3702.7], [3866.6, 3928.9], [4095.7, 4141.1], [4304.5, 4376.6], [4530.8, 4555.8], [4706.8, 4753.2]]",random,202601000,dataset/masks/1000ms/M01.npy
M02_gap200,M02,music,200,4,"[[1.456, 1.488], [2.352, 2.384], [4.112, 4.176], [4.336, 4.4]]","[[46, 47], [74, 75], [129, 131], [136, 138]]","[32.0, 32.0, 64.0, 64.0]",192.0,6,"[[1518.2, 1586.0], [2430.1, 2501.4], [4183.9, 4193.6], [4400.5, 4451.6]]",random,202601200,dataset/masks/200ms/M02.npy
M02_gap400,M02,music,400,7,"[[0.528, 0.592], [1.008, 1.072], [1.68, 1.744], [2.16, 2.192], [2.672, 2.736], [2.864, 2.928], [3.6, 3.664]]","[[17, 19], [32, 34], [53, 55], [68, 69], [84, 86], [90, 92], [113, 115]]","[64.0, 64.0, 64.0, 32.0, 64.0, 64.0, 64.0]",416.0,13,"[[597.8, 659.2], [1085.9, 1134.7], [1751.4, 1800.9], [2229.4, 2298.1], [2736.6, 2769.1], [2929.8, 2994.4], [3675.2, 3749.8]]",random,202601400,dataset/masks/400ms/M02.npy
M02_gap600,M02,music,600,11,"[[0.272, 0.336], [0.496, 0.56], [0.848, 0.912], [1.296, 1.36], [1.808, 1.872], [2.288, 2.32], [2.768, 2.832], [3.376, 3.408], [3.632, 3.664], [4.08, 4.144], [4.464, 4.528]]","[[9, 11], [16, 18], [27, 29], [41, 43], [57, 59], [72, 73], [87, 89], [106, 107], [114, 115], [128, 130], [140, 142]]","[64.0, 64.0, 64.0, 64.0, 64.0, 32.0, 64.0, 32.0, 32.0, 64.0, 64.0]",608.0,19,"[[341.9, 381.9], [563.4, 605.9], [918.8, 993.0], [1374.4, 1451.0], [1858.1, 1907.8], [2360.1, 2415.2], [2829.9, 2901.1], [3446.8, 3449.4], [3710.4, 3788.4], [4151.2, 4215.6], [4537.2, 4582.9]]",random,202601600,dataset/masks/600ms/M02.npy
M02_gap800,M02,music,800,13,"[[0.112, 0.176], [0.656, 0.72], [1.04, 1.104], [1.296, 1.36], [1.552, 1.616], [1.808, 1.872], [2.288, 2.352], [2.896, 2.96], [3.152, 3.216], [3.504, 3.568], [3.952, 3.984], [4.304, 4.368], [4.56, 4.624]]","[[4, 6], [21, 23], [33, 35], [41, 43], [49, 51], [57, 59], [72, 74], [91, 93], [99, 101], [110, 112], [124, 125], [135, 137], [143, 145]]","[64.0, 64.0, 64.0, 64.0, 64.0, 64.0, 64.0, 64.0, 64.0, 64.0, 32.0, 64.0, 64.0]",800.0,25,"[[179.1, 245.2], [725.8, 801.3], [1102.6, 1171.6], [1365.4, 1410.3], [1601.2, 1656.6], [1871.9, 1949.3], [2362.1, 2417.2], [2944.1, 3013.8], [3223.9, 3264.1], [3569.9, 3643.8], [4005.2, 4079.3], [4366.8, 4410.5], [4639.9, 4695.0]]",random,202601800,dataset/masks/800ms/M02.npy
M02_gap1000,M02,music,1000,16,"[[0.112, 0.176], [0.368, 0.432], [0.72, 0.784], [1.264, 1.328], [1.52, 1.584], [1.872, 1.936], [2.096, 2.16], [2.416, 2.48], [2.736, 2.8], [3.056, 3.12], [3.248, 3.312], [3.472, 3.536], [3.888, 3.952], [4.24, 4.304], [4.464, 4.528], [4.688, 4.72]]","[[4, 6], [12, 14], [23, 25], [40, 42], [48, 50], [59, 61], [66, 68], [76, 78], [86, 88], [96, 98], [102, 104], [109, 111], [122, 124], [133, 135], [140, 142], [147, 148]]","[64.0, 64.0, 64.0, 64.0, 64.0, 64.0, 64.0, 64.0, 64.0, 64.0, 64.0, 64.0, 64.0, 64.0, 64.0, 32.0]",992.0,31,"[[161.2, 214.9], [442.7, 502.6], [793.8, 864.8], [1341.1, 1417.4], [1572.9, 1644.4], [1923.2, 1996.8], [2147.4, 2206.0], [2480.9, 2552.6], [2795.4, 2871.6], [3125.1, 3135.6], [3318.9, 3379.6], [3540.3, 3592.2], [3959.6, 4019.4], [4300.3, 4378.8], [4538.9, 4592.8], [4743.7, 4815.9]]",random,202602000,dataset/masks/1000ms/M02.npy
M03_gap200,M03,music,200,4,"[[0.208, 0.272], [0.368, 0.4], [3.568, 3.632], [4.208, 4.24]]","[[7, 9], [12, 13], [112, 114], [132, 133]]","[64.0, 32.0, 64.0, 32.0]",192.0,6,"[[259.1, 269.8], [424.9, 491.1], [3634.2, 3692.5], [4285.1, 4349.8]]",random,202602200,dataset/masks/200ms/M03.npy
M03_gap400,M03,music,400,7,"[[0.432, 0.496], [0.848, 0.912], [1.808, 1.84], [2.128, 2.192], [2.736, 2.8], [3.216, 3.28], [4.272, 4.336]]","[[14, 16], [27, 29], [57, 58], [67, 69], [86, 88], [101, 103], [134, 136]]","[64.0, 64.0, 32.0, 64.0, 64.0, 64.0, 64.0]",416.0,13,"[[501.9, 556.5], [912.4, 956.3], [1868.5, 1946.1], [2202.1, 2271.4], [2807.7, 2851.2], [3287.2, 3354.0], [4341.6, 4385.9]]",random,202602400,dataset/masks/400ms/M03.npy
M03_gap600,M03,music,600,10,"[[0.24, 0.304], [0.432, 0.464], [0.656, 0.72], [1.424, 1.488], [1.68, 1.744], [2.288, 2.352], [2.8, 2.864], [3.824, 3.888], [4.304, 4.368], [4.592, 4.656]]","[[8, 10], [14, 15], [21, 23], [45, 47], [53, 55], [72, 74], [88, 90], [120, 122], [135, 137], [144, 146]]","[64.0, 32.0, 64.0, 64.0, 64.0, 64.0, 64.0, 64.0, 64.0, 64.0]",608.0,19,"[[292.8, 348.8], [504.8, 546.9], [715.9, 758.5], [1475.3, 1553.5], [1757.0, 1827.4], [2351.4, 2407.6], [2877.3, 2954.7], [3877.1, 3951.4], [4382.5, 4423.1], [4651.1, 4713.4]]",random,202602600,dataset/masks/600ms/M03.npy
M03_gap800,M03,music,800,13,"[[0.304, 0.336], [0.592, 0.656], [0.784, 0.848], [1.008, 1.072], [1.264, 1.328], [2.0, 2.064], [2.352, 2.416], [2.992, 3.056], [3.248, 3.312], [3.504, 3.568], [3.952, 4.016], [4.304, 4.368], [4.592, 4.656]]","[[10, 11], [19, 21], [25, 27], [32, 34], [40, 42], [63, 65], [74, 76], [94, 96], [102, 104], [110, 112], [124, 126], [135, 137], [144, 146]]","[32.0, 64.0, 64.0, 64.0, 64.0, 64.0, 64.0, 64.0, 64.0, 64.0, 64.0, 64.0, 64.0]",800.0,25,"[[375.1, 431.3], [652.8, 696.1], [848.9, 890.6], [1074.7, 1137.1], [1336.4, 1411.9], [2062.2, 2135.5], [2406.1, 2485.2], [3050.0, 3119.4], [3321.5, 3401.2], [3555.8, 3607.8], [4012.1, 4072.7], [4369.0, 4429.8], [4655.4, 4701.6]]",random,202602800,dataset/masks/800ms/M03.npy
M03_gap1000,M03,music,1000,16,"[[0.112, 0.176], [0.368, 0.432], [0.656, 0.72], [0.848, 0.912], [1.104, 1.168], [1.36, 1.424], [1.744, 1.808], [2.128, 2.192], [2.384, 2.448], [2.704, 2.768], [3.184, 3.248], [3.408, 3.472], [3.664, 3.728], [4.048, 4.112], [4.304, 4.336], [4.72, 4.784]]","[[4, 6], [12, 14], [21, 23], [27, 29], [35, 37], [43, 45], [55, 57], [67, 69], [75, 77], [85, 87], [100, 102], [107, 109], [115, 117], [127, 129], [135, 136], [148, 150]]","[64.0, 64.0, 64.0, 64.0, 64.0, 64.0, 64.0, 64.0, 64.0, 64.0, 64.0, 64.0, 64.0, 64.0, 32.0, 64.0]",992.0,31,"[[185.1, 239.9], [440.2, 492.2], [711.5, 756.4], [913.8, 988.6], [1170.5, 1235.2], [1436.8, 1512.3], [1807.6, 1876.2], [2176.5, 2254.8], [2449.1, 2498.6], [2772.5, 2833.9], [3253.9, 3323.2], [3482.2, 3554.7], [3731.2, 3783.9], [4126.1, 4196.8], [4380.6, 4432.6], [4778.8, 4836.9]]",random,202603000,dataset/masks/1000ms/M03.npy
M04_gap200,M04,music,200,4,"[[0.848, 0.88], [1.616, 1.68], [2.064, 2.128], [4.24, 4.272]]","[[27, 28], [51, 53], [65, 67], [133, 134]]","[32.0, 64.0, 64.0, 32.0]",192.0,6,"[[919.3, 978.9], [1675.2, 1723.1], [2133.6, 2176.0], [4310.6, 4360.8]]",random,202603200,dataset/masks/200ms/M04.npy
M04_gap400,M04,music,400,7,"[[0.592, 0.656], [1.424, 1.488], [1.872, 1.904], [2.48, 2.544], [2.992, 3.056], [3.536, 3.6], [4.528, 4.592]]","[[19, 21], [45, 47], [59, 60], [78, 80], [94, 96], [111, 113], [142, 144]]","[64.0, 64.0, 32.0, 64.0, 64.0, 64.0, 64.0]",416.0,13,"[[652.4, 694.2], [1486.4, 1549.6], [1941.0, 1995.2], [2553.9, 2621.4], [3058.6, 3112.4], [3612.2, 3660.8], [4602.0, 4672.8]]",random,202603400,dataset/masks/400ms/M04.npy
M04_gap600,M04,music,600,10,"[[0.432, 0.496], [0.752, 0.816], [1.232, 1.296], [1.808, 1.872], [2.16, 2.192], [2.448, 2.512], [3.376, 3.44], [3.728, 3.792], [4.048, 4.112], [4.272, 4.336]]","[[14, 16], [24, 26], [39, 41], [57, 59], [68, 69], [77, 79], [106, 108], [117, 119], [127, 129], [134, 136]]","[64.0, 64.0, 64.0, 64.0, 32.0, 64.0, 64.0, 64.0, 64.0, 64.0]",608.0,19,"[[496.8, 544.1], [802.9, 868.1], [1310.1, 1382.8], [1856.4, 1923.9], [2228.3, 2278.9], [2521.6, 2571.7], [3424.2, 3487.8], [3784.2, 3851.4], [4109.1, 4166.1], [4328.8, 4387.8]]",random,202603600,dataset/masks/600ms/M04.npy
M04_gap800,M04,music,800,13,"[[0.08, 0.144], [0.336, 0.4], [0.88, 0.944], [1.2, 1.264], [1.68, 1.744], [2.032, 2.096], [2.448, 2.512], [2.672, 2.736], [3.216, 3.28], [3.856, 3.92], [4.112, 4.176], [4.464, 4.528], [4.688, 4.72]]","[[3, 5], [11, 13], [28, 30], [38, 40], [53, 55], [64, 66], [77, 79], [84, 86], [101, 103], [121, 123], [129, 131], [140, 142], [147, 148]]","[64.0, 64.0, 64.0, 64.0, 64.0, 64.0, 64.0, 64.0, 64.0, 64.0, 64.0, 64.0, 32.0]",800.0,25,"[[155.9, 221.6], [395.5, 472.7], [948.1, 1008.3], [1266.2, 1330.6], [1750.8, 1823.1], [2084.5, 2153.0], [2500.0, 2541.0], [2750.8, 2811.6], [3275.0, 3334.5], [3905.9, 3951.2], [4170.8, 4238.8], [4519.4, 4560.2], [4757.6, 4834.0]]",random,202603800,dataset/masks/800ms/M04.npy
M04_gap1000,M04,music,1000,17,"[[0.272, 0.304], [0.528, 0.592], [0.784, 0.848], [1.072, 1.136], [1.328, 1.392], [1.584, 1.648], [1.872, 1.936], [2.096, 2.16], [2.48, 2.544], [2.768, 2.8], [2.992, 3.024], [3.312, 3.376], [3.696, 3.76], [3.92, 3.984], [4.176, 4.24], [4.496, 4.56], [4.688, 4.752]]","[[9, 10], [17, 19], [25, 27], [34, 36], [42, 44], [50, 52], [59, 61], [66, 68], [78, 80], [87, 88], [94, 95], [104, 106], [116, 118], [123, 125], [131, 133], [141, 143], [147, 149]]","[32.0, 64.0, 64.0, 64.0, 64.0, 64.0, 64.0, 64.0, 64.0, 32.0, 32.0, 64.0, 64.0, 64.0, 64.0, 64.0, 64.0]",992.0,31,"[[344.8, 398.3], [592.1, 617.5], [837.6, 907.0], [1127.4, 1175.6], [1386.9, 1454.0], [1635.8, 1707.1], [1941.0, 1991.9], [2153.1, 2207.4], [2555.8, 2614.4], [2816.1, 2887.8], [3061.1, 3129.4], [3374.0, 3437.8], [3747.8, 3800.3], [3995.2, 4061.2], [4233.9, 4308.1], [4547.7, 4592.2], [4762.1, 4822.3]]",random,202604000,dataset/masks/1000ms/M04.npy
M05_gap200,M05,music,200,4,"[[0.432, 0.496], [1.36, 1.392], [2.608, 2.64], [3.792, 3.856]]","[[14, 16], [43, 44], [82, 83], [119, 121]]","[64.0, 32.0, 32.0, 64.0]",192.0,6,"[[499.9, 572.0], [1425.9, 1505.2], [2677.3, 2685.0], [3859.9, 3900.7]]",random,202604200,dataset/masks/200ms/M05.npy
M05_gap400,M05,music,400,7,"[[0.368, 0.4], [0.784, 0.848], [2.032, 2.096], [3.088, 3.152], [3.472, 3.536], [4.016, 4.08], [4.304, 4.368]]","[[12, 13], [25, 27], [64, 66], [97, 99], [109, 111], [126, 128], [135, 137]]","[32.0, 64.0, 64.0, 64.0, 64.0, 64.0, 64.0]",416.0,13,"[[444.9, 490.0], [842.5, 892.3], [2082.5, 2141.1], [3166.1, 3244.4], [3534.1, 3591.8], [4094.0, 4144.6], [4352.6, 4412.3]]",random,202604400,dataset/masks/400ms/M05.npy
M05_gap600,M05,music,600,11,"[[0.4, 0.464], [0.88, 0.944], [1.264, 1.296], [1.584, 1.648], [2.0, 2.032], [2.512, 2.576], [2.832, 2.864], [3.408, 3.472], [3.856, 3.92], [4.08, 4.144], [4.688, 4.752]]","[[13, 15], [28, 30], [40, 41], [50, 52], [63, 64], [79, 81], [89, 90], [107, 109], [121, 123], [128, 130], [147, 149]]","[64.0, 64.0, 32.0, 64.0, 32.0, 64.0, 32.0, 64.0, 64.0, 64.0, 64.0]",608.0,19,"[[469.1, 541.8], [954.2, 994.2], [1322.0, 1364.4], [1642.1, 1706.5], [2048.0, 2089.3], [2587.8, 2605.1], [2911.9, 2962.6], [3456.7, 3523.2], [3904.8, 3982.1], [4152.7, 4221.8], [4744.8, 4803.1]]",random,202604600,dataset/masks/600ms/M05.npy
M05_gap800,M05,music,800,13,"[[0.144, 0.208], [0.432, 0.496], [0.88, 0.944], [1.2, 1.264], [1.552, 1.616], [1.776, 1.84], [2.032, 2.096], [2.288, 2.352], [2.704, 2.768], [3.152, 3.184], [3.408, 3.472], [3.856, 3.92], [4.464, 4.528]]","[[5, 7], [14, 16], [28, 30], [38, 40], [49, 51], [56, 58], [64, 66], [72, 74], [85, 87], [99, 100], [107, 109], [121, 123], [140, 142]]","[64.0, 64.0, 64.0, 64.0, 64.0, 64.0, 64.0, 64.0, 64.0, 32.0, 64.0, 64.0, 64.0]",800.0,25,"[[214.2, 259.4], [488.5, 549.6], [933.0, 995.0], [1254.4, 1317.4], [1620.8, 1674.1], [1852.1, 1901.0], [2100.5, 2168.1], [2349.2, 2410.8], [2756.6, 2833.7], [3231.0, 3295.7], [3475.9, 3543.5], [3905.9, 3975.9], [4523.1, 4581.0]]",random,202604800,dataset/masks/800ms/M05.npy
M05_gap1000,M05,music,1000,17,"[[0.272, 0.336], [0.496, 0.56], [0.72, 0.784], [0.912, 0.976], [1.232, 1.296], [1.552, 1.616], [1.904, 1.968], [2.32, 2.352], [2.576, 2.608], [2.896, 2.928], [3.152, 3.216], [3.376, 3.44], [3.6, 3.664], [3.92, 3.984], [4.272, 4.336], [4.496, 4.56], [4.688, 4.752]]","[[9, 11], [16, 18], [23, 25], [29, 31], [39, 41], [49, 51], [60, 62], [73, 74], [81, 82], [91, 92], [99, 101], [106, 108], [113, 115], [123, 125], [134, 136], [141, 143], [147, 149]]","[64.0, 64.0, 64.0, 64.0, 64.0, 64.0, 64.0, 32.0, 32.0, 32.0, 64.0, 64.0, 64.0, 64.0, 64.0, 64.0, 64.0]",992.0,31,"[[321.1, 362.2], [548.5, 604.0], [774.0, 806.4], [964.4, 1004.6], [1280.4, 1358.4], [1607.5, 1679.1], [1972.4, 2048.3], [2385.6, 2455.5], [2641.8, 2716.0], [2966.8, 3034.1], [3201.2, 3260.6], [3430.6, 3495.8], [3654.8, 3708.4], [3989.4, 4055.7], [4347.0, 4396.6], [4550.5, 4590.9], [4756.2, 4815.8]]",random,202605000,dataset/masks/1000ms/M05.npy
M06_gap200,M06,music,200,4,"[[1.328, 1.36], [1.968, 2.032], [3.344, 3.376], [4.496, 4.56]]","[[42, 43], [62, 64], [105, 106], [141, 143]]","[32.0, 64.0, 32.0, 64.0]",192.0,6,"[[1397.6, 1447.2], [2037.1, 2056.9], [3407.6, 3474.4], [4559.8, 4623.4]]",random,202605200,dataset/masks/200ms/M06.npy
M06_gap400,M06,music,400,7,"[[0.144, 0.176], [0.656, 0.72], [1.008, 1.072], [1.648, 1.712], [2.0, 2.064], [2.256, 2.32], [3.056, 3.12]]","[[5, 6], [21, 23], [32, 34], [52, 54], [63, 65], [71, 73], [96, 98]]","[32.0, 64.0, 64.0, 64.0, 64.0, 64.0, 64.0]",416.0,13,"[[212.6, 269.5], [704.4, 725.1], [1064.6, 1125.6], [1698.5, 1766.9], [2058.4, 2125.8], [2327.0, 2406.9], [3115.8, 3161.4]]",random,202605400,dataset/masks/400ms/M06.npy
M06_gap600,M06,music,600,10,"[[0.112, 0.176], [0.656, 0.72], [1.232, 1.296], [1.68, 1.744], [1.968, 2.0], [2.32, 2.384], [3.344, 3.408], [4.08, 4.144], [4.4, 4.464], [4.624, 4.688]]","[[4, 6], [21, 23], [39, 41], [53, 55], [62, 63], [73, 75], [105, 107], [128, 130], [138, 140], [145, 147]]","[64.0, 64.0, 64.0, 64.0, 32.0, 64.0, 64.0, 64.0, 64.0, 64.0]",608.0,19,"[[176.2, 253.9], [721.3, 779.6], [1306.2, 1309.3], [1759.7, 1813.3], [2035.8, 2109.1], [2393.5, 2467.6], [3413.7, 3479.1], [4158.8, 4228.1], [4473.1, 4543.8], [4700.1, 4754.7]]",random,202605600,dataset/masks/600ms/M06.npy
M06_gap800,M06,music,800,13,"[[0.144, 0.208], [0.368, 0.432], [0.592, 0.656], [0.88, 0.944], [1.232, 1.296], [1.488, 1.552], [2.128, 2.192], [2.672, 2.736], [3.088, 3.152], [3.472, 3.536], [3.696, 3.76], [4.048, 4.08], [4.624, 4.688]]","[[5, 7], [12, 14], [19, 21], [28, 30], [39, 41], [47, 49], [67, 69], [84, 86], [97, 99], [109, 111], [116, 118], [127, 128], [145, 147]]","[64.0, 64.0, 64.0, 64.0, 64.0, 64.0, 64.0, 64.0, 64.0, 64.0, 64.0, 32.0, 64.0]",800.0,25,"[[200.3, 255.7], [442.5, 491.1], [669.9, 740.4], [932.9, 996.6], [1300.1, 1341.4], [1544.3, 1603.9], [1757.9, 1802.9], [2182.6, 2229.0], [2731.9, 2779.8], [3137.9, 3199.2], [3533.4, 3592.4], [3759.8, 3805.0], [4109.2, 4188.6], [4700.3, 4777.1]]",random,202605800,dataset/masks/800ms/M06.npy
M06_gap1000,M06,music,1000,16,"[[0.208, 0.272], [0.4, 0.464], [0.72, 0.784], [0.976, 1.04], [1.424, 1.488], [1.84, 1.904], [2.064, 2.128], [2.512, 2.576], [2.896, 2.96], [3.12, 3.184], [3.344, 3.408], [3.568, 3.6], [3.824, 3.888], [4.144, 4.208], [4.432, 4.496], [4.656, 4.72]]","[[7, 9], [13, 15], [23, 25], [31, 33], [45, 47], [58, 60], [65, 67], [79, 81], [91, 93], [98, 100], [105, 107], [112, 113], [120, 122], [130, 132], [139, 141], [146, 148]]","[64.0, 64.0, 64.0, 64.0, 64.0, 64.0, 64.0, 64.0, 64.0, 64.0, 64.0, 32.0, 64.0, 64.0, 64.0, 64.0]",992.0,31,"[[256.3, 301.7], [473.2, 535.9], [785.0, 851.6], [1042.2, 1095.6], [1498.8, 1549.6], [1899.8, 1950.1], [2137.5, 2209.1], [2359.2, 2402.6], [2578.0, 2632.9], [2962.8, 3009.2], [3182.2, 3243.8], [3419.6, 3470.9], [3640.8, 3716.7], [3876.5, 3952.8], [4218.9, 4275.6], [4493.8, 4552.8], [4711.0, 4784.8]]",random,202606000,dataset/masks/1000ms/M06.npy
M07_gap200,M07,music,200,4,"[[1.104, 1.168], [1.296, 1.328], [3.696, 3.76], [4.336, 4.368]]","[[35, 37], [41, 42], [116, 118], [136, 137]]","[64.0, 32.0, 64.0, 32.0]",192.0,6,"[[1173.8, 1185.1], [1373.1, 1437.9], [3756.7, 3817.1], [4415.9, 4479.2]]",random,202606200,dataset/masks/200ms/M07.npy
M07_gap400,M07,music,400,7,"[[0.496, 0.528], [0.912, 0.976], [1.904, 1.968], [2.16, 2.224], [2.672, 2.736], [3.216, 3.28], [4.528, 4.592]]","[[16, 17], [29, 31], [60, 62], [68, 70], [84, 86], [101, 103], [142, 144]]","[32.0, 64.0, 64.0, 64.0, 64.0, 64.0, 64.0]",416.0,13,"[[547.1, 553.4], [982.7, 1058.3], [1974.9, 2041.5], [2232.4, 2310.2], [2740.4, 2815.8], [3271.4, 3312.6], [4606.4, 4663.4]]",random,202606400,dataset/masks/400ms/M07.npy
M07_gap600,M07,music,600,10,"[[0.208, 0.272], [0.624, 0.688], [0.88, 0.944], [1.392, 1.456], [1.744, 1.808], [2.64, 2.704], [3.28, 3.344], [3.696, 3.76], [4.048, 4.112], [4.496, 4.528]]","[[7, 9], [20, 22], [28, 30], [44, 46], [55, 57], [83, 85], [103, 105], [116, 118], [127, 129], [141, 142]]","[64.0, 64.0, 64.0, 64.0, 64.0, 64.0, 64.0, 64.0, 64.0, 32.0]",608.0,19,"[[256.8, 314.4], [699.2, 752.9], [954.1, 1008.7], [1440.6, 1517.1], [1815.8, 1891.5], [2715.4, 2767.2], [3353.2, 3399.6], [3758.4, 3812.3], [4098.3, 4165.8], [4563.9, 4626.2]]",random,202606600,dataset/masks/600ms/M07.npy
M07_gap800,M07,music,800,15,"[[0.304, 0.368], [0.56, 0.624], [0.848, 0.88], [1.072, 1.104], [1.456, 1.52], [1.776, 1.84], [2.064, 2.128], [2.288, 2.352], [2.576, 2.608], [3.024, 3.088], [3.28, 3.312], [3.664, 3.728], [3.984, 4.048], [4.368, 4.4], [4.656, 4.72]]","[[10, 12], [18, 20], [27, 28], [34, 35], [46, 48], [56, 58], [65, 67], [72, 74], [81, 82], [95, 97], [103, 104], [115, 117], [125, 127], [137, 138], [146, 148]]","[64.0, 64.0, 32.0, 32.0, 64.0, 64.0, 64.0, 64.0, 32.0, 64.0, 32.0, 64.0, 64.0, 32.0, 64.0]",800.0,25,"[[370.5, 418.5], [639.9, 692.3], [896.4, 902.9], [1141.1, 1185.9], [1528.2, 1586.9], [1835.6, 1881.9], [2113.5, 2156.6], [2349.4, 2390.7], [2637.9, 2717.4], [3079.8, 3136.2], [3337.5, 3407.3], [3741.7, 3792.6], [4058.2, 4137.7], [4432.9, 4480.8], [4721.5, 4796.4]]",random,202606800,dataset/masks/800ms/M07.npy
M07_gap1000,M07,music,1000,17,"[[0.336, 0.4], [0.592, 0.624], [0.88, 0.944], [1.136, 1.2], [1.392, 1.424], [1.68, 1.744], [1.936, 2.0], [2.224, 2.288], [2.48, 2.544], [2.736, 2.768], [3.024, 3.088], [3.28, 3.344], [3.568, 3.632], [3.824, 3.888], [4.112, 4.176], [4.368, 4.432], [4.624, 4.688]]","[[11, 13], [19, 20], [28, 30], [36, 38], [44, 45], [53, 55], [61, 63], [70, 72], [78, 80], [86, 87], [95, 97], [103, 105], [112, 114], [120, 122], [129, 131], [137, 139], [145, 147]]","[64.0, 32.0, 64.0, 64.0, 32.0, 64.0, 64.0, 64.0, 64.0, 32.0, 64.0, 64.0, 64.0, 64.0, 64.0, 64.0, 64.0]",992.0,31,"[[389.4, 449.4], [658.9, 718.9], [928.3, 988.3], [1197.8, 1257.8], [1467.2, 1527.2], [1736.6, 1796.6], [2006.1, 2066.1], [2275.5, 2335.5], [2544.9, 2604.9], [2814.4, 2874.4], [3083.8, 3143.8], [3353.2, 3413.2], [3622.7, 3682.7], [3892.1, 3952.1], [4161.6, 4221.6], [4431.0, 4491.0], [4700.4, 4760.4]]",fallback_even,202607000,dataset/masks/1000ms/M07.npy
M08_gap200,M08,music,200,4,"[[0.24, 0.304], [1.584, 1.616], [3.344, 3.376], [4.144, 4.208]]","[[8, 10], [50, 51], [105, 106], [130, 132]]","[64.0, 32.0, 32.0, 64.0]",192.0,6,"[[305.3, 347.8], [1648.5, 1709.6], [3407.2, 3453.4], [4203.4, 4253.6]]",random,202607200,dataset/masks/200ms/M08.npy
M08_gap400,M08,music,400,7,"[[1.04, 1.104], [1.52, 1.552], [2.32, 2.384], [2.704, 2.768], [3.728, 3.792], [4.176, 4.24], [4.4, 4.464]]","[[33, 35], [48, 49], [73, 75], [85, 87], [117, 119], [131, 133], [138, 140]]","[64.0, 32.0, 64.0, 64.0, 64.0, 64.0, 64.0]",416.0,13,"[[1091.8, 1163.2], [1579.8, 1630.7], [2389.4, 2402.1], [2769.6, 2820.5], [3777.1, 3847.3], [4241.3, 4305.2], [4466.6, 4546.4]]",random,202607400,dataset/masks/400ms/M08.npy
M08_gap600,M08,music,600,10,"[[0.336, 0.4], [0.624, 0.656], [1.36, 1.424], [1.744, 1.808], [3.024, 3.088], [3.28, 3.344], [3.632, 3.696], [3.92, 3.984], [4.176, 4.24], [4.592, 4.656]]","[[11, 13], [20, 21], [43, 45], [55, 57], [95, 97], [103, 105], [114, 116], [123, 125], [131, 133], [144, 146]]","[64.0, 32.0, 64.0, 64.0, 64.0, 64.0, 64.0, 64.0, 64.0, 64.0]",608.0,19,"[[392.9, 433.4], [678.5, 731.4], [1434.9, 1511.3], [1804.1, 1854.8], [3079.4, 3156.6], [3331.7, 3373.1], [3705.9, 3752.2], [3974.6, 4046.9], [4225.2, 4290.2], [4661.1, 4738.3]]",random,202607600,dataset/masks/600ms/M08.npy
M08_gap800,M08,music,800,14,"[[0.144, 0.208], [0.56, 0.624], [0.816, 0.88], [1.2, 1.232], [1.456, 1.52], [1.872, 1.936], [2.192, 2.256], [2.64, 2.704], [2.864, 2.928], [3.184, 3.248], [3.6, 3.664], [3.984, 4.048], [4.208, 4.24], [4.688, 4.72]]","[[5, 7], [18, 20], [26, 28], [38, 39], [46, 48], [59, 61], [69, 71], [83, 85], [90, 92], [100, 102], [113, 115], [125, 127], [132, 133], [147, 148]]","[64.0, 64.0, 64.0, 32.0, 64.0, 64.0, 64.0, 64.0, 64.0, 64.0, 64.0, 64.0, 32.0, 32.0]",800.0,25,"[[215.6, 257.2], [630.2, 690.9], [871.9, 915.8], [1267.7, 1331.6], [1521.4, 1576.8], [1949.9, 2001.7], [2253.2, 2323.4], [2708.2, 2767.3], [2920.6, 2963.7], [3260.4, 3335.4], [3659.7, 3712.4], [4063.8, 4107.3], [4278.7, 4342.4], [4738.8, 4814.1]]",random,202607800,dataset/masks/800ms/M08.npy
M08_gap1000,M08,music,1000,17,"[[0.176, 0.208], [0.432, 0.496], [0.784, 0.848], [1.04, 1.104], [1.296, 1.36], [1.52, 1.584], [1.744, 1.808], [2.128, 2.192], [2.608, 2.672], [2.896, 2.928], [3.28, 3.344], [3.504, 3.568], [3.824, 3.856], [4.048, 4.112], [4.24, 4.304], [4.432, 4.496], [4.688, 4.752]]","[[6, 7], [14, 16], [25, 27], [33, 35], [41, 43], [48, 50], [55, 57], [67, 69], [82, 84], [91, 92], [103, 105], [110, 112], [120, 121], [127, 129], [133, 135], [139, 141], [147, 149]]","[32.0, 64.0, 64.0, 64.0, 64.0, 64.0, 64.0, 64.0, 64.0, 32.0, 64.0, 64.0, 32.0, 64.0, 64.0, 64.0, 64.0]",992.0,31,"[[252.0, 310.2], [484.4, 563.6], [855.8, 897.5], [1106.2, 1182.5], [1347.6, 1398.0], [1590.6, 1642.8], [1809.5, 1887.2], [2207.6, 2281.6], [2669.4, 2748.0], [2961.9, 3023.8], [3337.8, 3410.8], [3562.4, 3620.8], [3877.5, 3925.2], [4103.4, 4143.4], [4302.2, 4313.5], [4490.2, 4536.2], [4765.1, 4838.5]]",random,202608000,dataset/masks/1000ms/M08.npy
M09_gap200,M09,music,200,4,"[[1.296, 1.36], [1.968, 2.0], [2.64, 2.704], [4.368, 4.4]]","[[41, 43], [62, 63], [83, 85], [137, 138]]","[64.0, 32.0, 64.0, 32.0]",192.0,6,"[[1367.2, 1434.1], [2037.4, 2055.4], [2708.9, 2777.1], [4435.3, 4482.3]]",random,202608200,dataset/masks/200ms/M09.npy
M09_gap400,M09,music,400,7,"[[0.208, 0.272], [0.656, 0.72], [1.392, 1.424], [1.744, 1.808], [3.28, 3.344], [3.824, 3.888], [4.368, 4.432]]","[[7, 9], [21, 23], [44, 45], [55, 57], [103, 105], [120, 122], [137, 139]]","[64.0, 64.0, 32.0, 64.0, 64.0, 64.0, 64.0]",416.0,13,"[[257.1, 317.5], [717.8, 771.5], [1471.5, 1514.9], [1808.6, 1857.0], [3338.8, 3413.9], [3898.4, 3970.1], [4429.4, 4476.7]]",random,202608400,dataset/masks/400ms/M09.npy
M09_gap600,M09,music,600,11,"[[0.112, 0.176], [1.104, 1.168], [1.328, 1.392], [1.616, 1.68], [2.032, 2.064], [2.416, 2.48], [2.768, 2.8], [3.344, 3.376], [3.696, 3.76], [4.112, 4.176], [4.528, 4.592]]","[[4, 6], [35, 37], [42, 44], [51, 53], [64, 65], [76, 78], [87, 88], [105, 106], [116, 118], [129, 131], [142, 144]]","[64.0, 64.0, 64.0, 64.0, 32.0, 64.0, 32.0, 32.0, 64.0, 64.0, 64.0]",608.0,19,"[[161.6, 218.5], [1175.6, 1240.0], [1392.7, 1406.8], [1680.8, 1730.7], [2101.7, 2169.5], [2471.9, 2533.9], [2833.3, 2890.6], [3413.4, 3493.0], [3764.4, 3806.6], [4164.6, 4215.4], [4586.9, 4641.9]]",random,202608600,dataset/masks/600ms/M09.npy
M09_gap800,M09,music,800,14,"[[0.176, 0.24], [0.528, 0.56], [1.04, 1.104], [1.68, 1.712], [2.0, 2.064], [2.288, 2.352], [2.48, 2.512], [2.704, 2.768], [2.96, 3.024], [3.248, 3.312], [3.472, 3.536], [3.824, 3.888], [4.112, 4.176], [4.688, 4.752]]","[[6, 8], [17, 18], [33, 35], [53, 54], [63, 65], [72, 74], [78, 79], [85, 87], [93, 95], [102, 104], [109, 111], [120, 122], [129, 131], [147, 149]]","[64.0, 32.0, 64.0, 32.0, 64.0, 64.0, 32.0, 64.0, 64.0, 64.0, 64.0, 64.0, 64.0, 64.0]",800.0,25,"[[247.6, 304.0], [576.7, 651.8], [1089.5, 1146.8], [1754.4, 1812.2], [2067.2, 2113.4], [2338.1, 2394.3], [2548.0, 2598.4], [2766.8, 2810.9], [3009.8, 3077.0], [3307.5, 3359.3], [3543.7, 3616.2], [3902.1, 3961.7], [4168.2, 4229.8], [4753.6, 4797.5]]",random,202608800,dataset/masks/800ms/M09.npy
M09_gap1000,M09,music,1000,18,"[[0.112, 0.176], [0.272, 0.336], [0.528, 0.592], [0.784, 0.848], [1.072, 1.136], [1.36, 1.424], [1.744, 1.808], [2.0, 2.032], [2.192, 2.224], [2.416, 2.48], [2.64, 2.704], [2.864, 2.896], [3.12, 3.184], [3.44, 3.504], [3.76, 3.792], [4.08, 4.112], [4.336, 4.4], [4.528, 4.592]]","[[4, 6], [9, 11], [17, 19], [25, 27], [34, 36], [43, 45], [55, 57], [63, 64], [69, 70], [76, 78], [83, 85], [90, 91], [98, 100], [108, 110], [118, 119], [128, 129], [136, 138], [142, 144]]","[64.0, 64.0, 64.0, 64.0, 64.0, 64.0, 64.0, 32.0, 32.0, 64.0, 64.0, 32.0, 64.0, 64.0, 32.0, 32.0, 64.0, 64.0]",992.0,31,"[[168.1, 185.5], [344.9, 424.1], [586.5, 639.3], [832.4, 895.1], [1124.7, 1203.9], [1427.2, 1480.4], [1798.6, 1847.4], [2051.4, 2107.8], [2268.8, 2327.8], [2481.9, 2535.2], [2691.2, 2734.4], [2935.4, 2975.5], [3179.5, 3240.5], [3489.9, 3547.2], [3811.4, 3852.9], [4131.9, 4209.5], [4403.9, 4445.6], [4606.2, 4681.8]]",random,202609000,dataset/masks/1000ms/M09.npy
M10_gap200,M10,music,200,4,"[[0.56, 0.624], [2.416, 2.48], [3.088, 3.12], [3.312, 3.344]]","[[18, 20], [76, 78], [97, 98], [104, 105]]","[64.0, 64.0, 32.0, 32.0]",192.0,6,"[[608.2, 648.9], [2490.8, 2543.7], [3152.8, 3213.1], [3370.8, 3416.9]]",random,202609200,dataset/masks/200ms/M10.npy
M10_gap400,M10,music,400,8,"[[0.112, 0.176], [1.04, 1.104], [1.424, 1.456], [2.544, 2.608], [2.736, 2.768], [2.992, 3.056], [3.888, 3.92], [4.368, 4.432]]","[[4, 6], [33, 35], [45, 46], [80, 82], [86, 87], [94, 96], [122, 123], [137, 139]]","[64.0, 64.0, 32.0, 64.0, 32.0, 64.0, 32.0, 64.0]",416.0,13,"[[180.2, 240.4], [1116.2, 1163.2], [1481.4, 1524.0], [2605.8, 2640.1], [2806.1, 2871.9], [3057.0, 3103.1], [3955.5, 4007.5], [4443.7, 4495.7]]",random,202609400,dataset/masks/400ms/M10.npy
M10_gap600,M10,music,600,11,"[[0.272, 0.336], [0.88, 0.912], [1.232, 1.296], [1.616, 1.68], [1.968, 2.032], [2.352, 2.416], [2.8, 2.832], [3.184, 3.248], [3.44, 3.504], [4.208, 4.24], [4.656, 4.72]]","[[9, 11], [28, 29], [39, 41], [51, 53], [62, 64], [74, 76], [88, 89], [100, 102], [108, 110], [132, 133], [146, 148]]","[64.0, 32.0, 64.0, 64.0, 64.0, 64.0, 32.0, 64.0, 64.0, 32.0, 64.0]",608.0,19,"[[349.8, 404.5], [949.1, 1015.8], [1306.4, 1356.6], [1678.8, 1702.8], [2047.8, 2105.9], [2422.3, 2474.2], [2873.8, 2938.2], [3262.2, 3326.3], [3516.7, 3567.2], [4270.9, 4343.4], [4728.4, 4771.2]]",random,202609600,dataset/masks/600ms/M10.npy
M10_gap800,M10,music,800,14,"[[0.272, 0.336], [0.56, 0.624], [0.816, 0.88], [1.072, 1.136], [1.392, 1.456], [1.616, 1.68], [2.0, 2.064], [2.352, 2.416], [2.672, 2.736], [2.992, 3.056], [3.248, 3.312], [3.76, 3.792], [4.24, 4.272], [4.624, 4.656]]","[[9, 11], [18, 20], [26, 28], [34, 36], [44, 46], [51, 53], [63, 65], [74, 76], [84, 86], [94, 96], [102, 104], [118, 119], [133, 134], [145, 146]]","[64.0, 64.0, 64.0, 64.0, 64.0, 64.0, 64.0, 64.0, 64.0, 64.0, 64.0, 32.0, 32.0, 32.0]",800.0,25,"[[344.2, 401.2], [619.8, 666.0], [894.7, 948.4], [1141.8, 1210.1], [1447.9, 1494.1], [1685.8, 1734.2], [2062.8, 2119.9], [2424.7, 2496.5], [2734.0, 2778.2], [3049.8, 3098.4], [3321.3, 3398.6], [3812.4, 3875.8], [4298.4, 4360.9], [4698.9, 4754.2]]",random,202609800,dataset/masks/800ms/M10.npy
M10_gap1000,M10,music,1000,17,"[[0.336, 0.4], [0.592, 0.656], [0.88, 0.912], [1.136, 1.2], [1.392, 1.456], [1.68, 1.712], [1.936, 2.0], [2.224, 2.256], [2.48, 2.544], [2.736, 2.8], [3.024, 3.088], [3.28, 3.344], [3.568, 3.632], [3.824, 3.888], [4.112, 4.176], [4.368, 4.432], [4.624, 4.688]]","[[11, 13], [19, 21], [28, 29], [36, 38], [44, 46], [53, 54], [61, 63], [70, 71], [78, 80], [86, 88], [95, 97], [103, 105], [112, 114], [120, 122], [129, 131], [137, 139], [145, 147]]","[64.0, 64.0, 32.0, 64.0, 64.0, 32.0, 64.0, 32.0, 64.0, 64.0, 64.0, 64.0, 64.0, 64.0, 64.0, 64.0, 64.0]",992.0,31,"[[389.4, 449.4], [658.9, 718.9], [928.3, 988.3], [1197.8, 1257.8], [1467.2, 1527.2], [1736.6, 1796.6], [2006.1, 2066.1], [2275.5, 2335.5], [2544.9, 2604.9], [2814.4, 2874.4], [3083.8, 3143.8], [3353.2, 3413.2], [3622.7, 3682.7], [3892.1, 3952.1], [4161.6, 4221.6], [4431.0, 4491.0], [4700.4, 4760.4]]",fallback_even,202610000,dataset/masks/1000ms/M10.npy
S01_gap200,S01,speech,200,4,"[[1.072, 1.104], [3.824, 3.888], [4.272, 4.304], [4.656, 4.72]]","[[34, 35], [120, 122], [134, 135], [146, 148]]","[32.0, 64.0, 32.0, 64.0]",192.0,6,"[[1128.2, 1196.9], [3900.7, 3956.4], [4339.6, 4405.9], [4713.1, 4722.5]]",random,202610200,dataset/masks/200ms/S01.npy
S01_gap400,S01,speech,400,7,"[[0.176, 0.24], [0.624, 0.688], [1.104, 1.168], [1.52, 1.584], [1.968, 2.032], [2.576, 2.64], [3.888, 3.92]]","[[6, 8], [20, 22], [35, 37], [48, 50], [62, 64], [81, 83], [122, 123]]","[64.0, 64.0, 64.0, 64.0, 64.0, 64.0, 32.0]",416.0,13,"[[250.1, 326.4], [674.4, 740.1], [1171.6, 1205.4], [1589.1, 1629.8], [2030.1, 2106.9], [2654.9, 2697.5], [3949.6, 4013.8]]",random,202610400,dataset/masks/400ms/S01.npy
S01_gap600,S01,speech,600,11,"[[0.24, 0.272], [0.464, 0.528], [1.072, 1.104], [1.328, 1.392], [1.584, 1.648], [1.872, 1.936], [2.192, 2.256], [2.64, 2.704], [3.024, 3.088], [3.792, 3.856], [4.08, 4.112]]","[[8, 9], [15, 17], [34, 35], [42, 44], [50, 52], [59, 61], [69, 71], [83, 85], [95, 97], [119, 121], [128, 129]]","[32.0, 64.0, 32.0, 64.0, 64.0, 64.0, 64.0, 64.0, 64.0, 64.0, 32.0]",608.0,19,"[[313.2, 368.4], [526.5, 583.0], [1124.0, 1165.9], [1388.9, 1421.9], [1640.0, 1686.2], [1938.6, 2002.6], [2267.8, 2344.4], [2711.1, 2786.1], [3096.4, 3136.9], [3845.2, 3893.1], [4145.9, 4209.0]]",random,202610600,dataset/masks/600ms/S01.npy
S01_gap800,S01,speech,800,14,"[[0.464, 0.528], [0.752, 0.816], [0.944, 1.008], [1.2, 1.264], [1.456, 1.488], [1.904, 1.968], [2.16, 2.224], [2.576, 2.608], [2.992, 3.056], [3.376, 3.44], [3.728, 3.792], [4.016, 4.048], [4.272, 4.336], [4.528, 4.592]]","[[15, 17], [24, 26], [30, 32], [38, 40], [46, 47], [60, 62], [68, 70], [81, 82], [94, 96], [106, 108], [117, 119], [126, 127], [134, 136], [142, 144]]","[64.0, 64.0, 64.0, 64.0, 32.0, 64.0, 64.0, 32.0, 64.0, 64.0, 64.0, 32.0, 64.0, 64.0]",800.0,25,"[[512.7, 587.9], [805.8, 820.1], [1010.9, 1077.2], [1275.8, 1337.1], [1505.9, 1577.2], [1954.2, 1995.4], [2211.6, 2288.8], [2627.3, 2695.6], [3043.6, 3083.7], [3442.9, 3486.8], [3789.1, 3851.1], [4095.7, 4160.4], [4330.8, 4378.7], [4600.9, 4667.3]]",random,202610800,dataset/masks/800ms/S01.npy
S01_gap1000,S01,speech,1000,17,"[[0.112, 0.176], [0.304, 0.368], [0.56, 0.624], [0.88, 0.944], [1.136, 1.2], [1.392, 1.456], [1.616, 1.68], [1.872, 1.904], [2.16, 2.192], [2.416, 2.48], [2.64, 2.704], [3.152, 3.184], [3.472, 3.536], [3.728, 3.792], [4.176, 4.24], [4.464, 4.528], [4.688, 4.752]]","[[4, 6], [10, 12], [18, 20], [28, 30], [36, 38], [44, 46], [51, 53], [59, 60], [68, 69], [76, 78], [83, 85], [99, 100], [109, 111], [117, 119], [131, 133], [140, 142], [147, 149]]","[64.0, 64.0, 64.0, 64.0, 64.0, 64.0, 64.0, 32.0, 32.0, 64.0, 64.0, 32.0, 64.0, 64.0, 64.0, 64.0, 64.0]",992.0,31,"[[174.7, 193.8], [358.8, 417.6], [631.8, 696.9], [943.0, 1003.1], [1191.7, 1247.9], [1443.8, 1495.6], [1664.6, 1728.1], [1947.6, 2019.9], [2225.1, 2286.2], [2474.0, 2515.2], [2719.0, 2789.6], [2940.8, 2990.4], [3219.8, 3276.9], [3531.6, 3578.7], [3802.3, 3878.5], [4243.0, 4291.0], [4533.1, 4592.5], [4763.3, 4805.9]]",random,202611000,dataset/masks/1000ms/S01.npy
S02_gap200,S02,speech,200,4,"[[1.2, 1.264], [2.992, 3.056], [3.888, 3.92], [4.624, 4.656]]","[[38, 40], [94, 96], [122, 123], [145, 146]]","[64.0, 64.0, 32.0, 32.0]",192.0,6,"[[1252.4, 1318.2], [3071.4, 3129.8], [3940.9, 4009.4], [4689.9, 4697.1]]",random,202611200,dataset/masks/200ms/S02.npy
S02_gap400,S02,speech,400,7,"[[0.368, 0.432], [1.04, 1.104], [1.296, 1.36], [2.32, 2.384], [2.576, 2.64], [3.888, 3.92], [4.72, 4.784]]","[[12, 14], [33, 35], [41, 43], [73, 75], [81, 83], [122, 123], [148, 150]]","[64.0, 64.0, 64.0, 64.0, 64.0, 32.0, 64.0]",416.0,13,"[[447.9, 519.8], [1117.4, 1175.1], [1350.4, 1393.1], [2381.4, 2439.1], [2638.9, 2697.4], [3944.1, 4009.8], [4787.6, 4833.4]]",random,202611400,dataset/masks/400ms/S02.npy
S02_gap600,S02,speech,600,10,"[[0.272, 0.336], [0.816, 0.88], [1.456, 1.488], [1.904, 1.968], [2.448, 2.512], [2.768, 2.832], [3.344, 3.408], [3.76, 3.824], [4.048, 4.112], [4.304, 4.368]]","[[9, 11], [26, 28], [46, 47], [60, 62], [77, 79], [87, 89], [105, 107], [118, 120], [127, 129], [135, 137]]","[64.0, 64.0, 32.0, 64.0, 64.0, 64.0, 64.0, 64.0, 64.0, 64.0]",608.0,19,"[[331.8, 406.9], [880.3, 950.2], [1533.8, 1581.6], [1982.4, 2046.3], [2509.9, 2585.6], [2832.9, 2890.1], [3404.1, 3463.6], [3836.8, 3891.9], [4125.1, 4173.7], [4362.8, 4409.8]]",random,202611600,dataset/masks/600ms/S02.npy
S02_gap800,S02,speech,800,14,"[[0.336, 0.4], [0.72, 0.784], [1.072, 1.104], [1.328, 1.36], [1.712, 1.776], [2.064, 2.128], [2.32, 2.384], [2.544, 2.608], [2.896, 2.96], [3.12, 3.184], [3.408, 3.44], [3.664, 3.728], [3.952, 4.016], [4.528, 4.592]]","[[11, 13], [23, 25], [34, 35], [42, 43], [54, 56], [65, 67], [73, 75], [80, 82], [91, 93], [98, 100], [107, 108], [115, 117], [124, 126], [142, 144]]","[64.0, 64.0, 32.0, 32.0, 64.0, 64.0, 64.0, 64.0, 64.0, 64.0, 32.0, 64.0, 64.0, 64.0]",800.0,25,"[[405.1, 484.2], [782.8, 832.9], [1124.3, 1168.1], [1378.4, 1378.5], [1533.4, 1594.1], [1765.6, 1818.2], [2143.7, 2197.6], [2398.4, 2444.2], [2620.7, 2673.8], [2962.4, 3005.1], [3182.9, 3232.4], [3471.1, 3543.2], [3712.7, 3789.8], [4028.6, 4088.1], [4592.3, 4652.0]]",random,202611800,dataset/masks/800ms/S02.npy
S02_gap1000,S02,speech,1000,17,"[[0.08, 0.144], [0.336, 0.4], [0.56, 0.624], [0.816, 0.88], [1.168, 1.232], [1.552, 1.584], [1.744, 1.776], [1.968, 2.032], [2.256, 2.288], [2.672, 2.736], [2.96, 3.024], [3.28, 3.344], [3.504, 3.568], [3.696, 3.76], [4.08, 4.144], [4.336, 4.4], [4.624, 4.688]]","[[3, 5], [11, 13], [18, 20], [26, 28], [37, 39], [49, 50], [55, 56], [62, 64], [71, 72], [84, 86], [93, 95], [103, 105], [110, 112], [116, 118], [128, 130], [136, 138], [145, 147]]","[64.0, 64.0, 64.0, 64.0, 64.0, 32.0, 32.0, 64.0, 32.0, 64.0, 64.0, 64.0, 64.0, 64.0, 64.0, 64.0, 64.0]",992.0,31,"[[155.7, 234.8], [394.9, 454.3], [621.7, 682.2], [893.6, 972.6], [1237.5, 1281.6], [1607.9, 1651.5], [1801.8, 1834.3], [2019.0, 2098.2], [2313.9, 2355.2], [2739.7, 2810.9], [3037.3, 3108.3], [3345.2, 3393.8], [3563.4, 3611.6], [3768.2, 3834.7], [4157.1, 4207.3], [4415.1, 4475.6], [4682.2, 4747.3]]",random,202612000,dataset/masks/1000ms/S02.npy
S03_gap200,S03,speech,200,3,"[[0.368, 0.432], [1.52, 1.584], [3.248, 3.312]]","[[12, 14], [48, 50], [102, 104]]","[64.0, 64.0, 64.0]",192.0,6,"[[433.2, 496.2], [1591.8, 1665.9], [3308.1, 3370.9]]",random,202612200,dataset/masks/200ms/S03.npy
S03_gap400,S03,speech,400,7,"[[0.432, 0.496], [0.688, 0.752], [1.68, 1.712], [2.352, 2.416], [2.928, 2.992], [4.176, 4.24], [4.464, 4.528]]","[[14, 16], [22, 24], [53, 54], [74, 76], [92, 94], [131, 133], [140, 142]]","[64.0, 64.0, 32.0, 64.0, 64.0, 64.0, 64.0]",416.0,13,"[[502.4, 546.5], [737.9, 815.4], [1735.8, 1801.4], [2406.9, 2448.1], [3000.9, 3027.8], [4231.1, 4308.6], [4517.1, 4584.4]]",random,202612400,dataset/masks/400ms/S03.npy
S03_gap600,S03,speech,600,11,"[[0.112, 0.176], [0.4, 0.432], [0.656, 0.72], [1.616, 1.68], [2.16, 2.224], [2.576, 2.64], [2.864, 2.896], [3.312, 3.376], [3.6, 3.632], [3.92, 3.984], [4.656, 4.72]]","[[4, 6], [13, 14], [21, 23], [51, 53], [68, 70], [81, 83], [90, 91], [104, 106], [113, 114], [123, 125], [146, 148]]","[64.0, 32.0, 64.0, 64.0, 64.0, 64.0, 32.0, 64.0, 32.0, 64.0, 64.0]",608.0,19,"[[168.0, 216.9], [454.1, 477.1], [710.5, 752.3], [1687.8, 1760.6], [2238.3, 2279.9], [2640.8, 2703.0], [2939.8, 3009.8], [3391.0, 3465.0], [3670.0, 3730.5], [3969.5, 4015.3], [4732.1, 4791.2]]",random,202612600,dataset/masks/600ms/S03.npy
S03_gap800,S03,speech,800,13,"[[0.336, 0.4], [0.784, 0.848], [1.04, 1.104], [1.264, 1.328], [1.584, 1.648], [1.904, 1.968], [2.224, 2.288], [2.608, 2.672], [2.96, 3.024], [3.216, 3.28], [3.856, 3.92], [4.272, 4.336], [4.496, 4.528]]","[[11, 13], [25, 27], [33, 35], [40, 42], [50, 52], [60, 62], [70, 72], [82, 84], [93, 95], [101, 103], [121, 123], [134, 136], [141, 142]]","[64.0, 64.0, 64.0, 64.0, 64.0, 64.0, 64.0, 64.0, 64.0, 64.0, 64.0, 64.0, 32.0]",800.0,25,"[[403.9, 480.4], [635.1, 679.6], [839.1, 900.6], [1111.0, 1153.1], [1335.9, 1407.2], [1657.8, 1712.5], [1963.7, 2006.9], [2273.0, 2334.2], [2686.8, 2753.1], [3026.1, 3044.8], [3285.1, 3327.7], [3910.1, 3989.6], [4341.5, 4400.3], [4554.8, 4633.7]]",random,202612800,dataset/masks/800ms/S03.npy
S03_gap1000,S03,speech,1000,17,"[[0.336, 0.4], [0.752, 0.784], [0.976, 1.04], [1.36, 1.424], [1.584, 1.648], [1.872, 1.936], [2.064, 2.096], [2.288, 2.352], [2.608, 2.672], [2.864, 2.928], [3.088, 3.12], [3.376, 3.44], [3.6, 3.664], [3.824, 3.888], [4.048, 4.112], [4.368, 4.432], [4.624, 4.688]]","[[11, 13], [24, 25], [31, 33], [43, 45], [50, 52], [59, 61], [65, 66], [72, 74], [82, 84], [90, 92], [97, 98], [106, 108], [113, 115], [120, 122], [127, 129], [137, 139], [145, 147]]","[64.0, 32.0, 64.0, 64.0, 64.0, 64.0, 32.0, 64.0, 64.0, 64.0, 32.0, 64.0, 64.0, 64.0, 64.0, 64.0, 64.0]",992.0,31,"[[397.7, 468.2], [810.2, 884.9], [1050.5, 1100.2], [1432.2, 1476.6], [1652.8, 1728.8], [1927.9, 1970.7], [2130.2, 2176.2], [2340.6, 2392.9], [2678.1, 2754.6], [2936.1, 2992.6], [3146.8, 3222.4], [3454.1, 3497.1], [3678.2, 3731.1], [3886.3, 3937.8], [4100.8, 4179.5], [4447.3, 4505.9], [4693.8, 4744.0]]",random,202613000,dataset/masks/1000ms/S03.npy
S04_gap200,S04,speech,200,4,"[[0.144, 0.176], [2.448, 2.48], [3.888, 3.952], [4.336, 4.4]]","[[5, 6], [77, 78], [122, 124], [136, 138]]","[32.0, 32.0, 64.0, 64.0]",192.0,6,"[[203.7, 252.6], [2500.5, 2527.6], [3957.9, 4030.2], [4415.7, 4467.3]]",random,202613200,dataset/masks/200ms/S04.npy
S04_gap400,S04,speech,400,6,"[[0.144, 0.208], [1.584, 1.648], [2.928, 2.992], [3.152, 3.216], [3.728, 3.824], [4.24, 4.304]]","[[5, 7], [50, 52], [92, 94], [99, 101], [117, 120], [133, 135]]","[64.0, 64.0, 64.0, 64.0, 96.0, 64.0]",416.0,13,"[[202.3, 276.1], [1647.2, 1710.7], [2987.9, 3040.1], [3200.7, 3279.3], [3791.0, 3863.8], [4301.2, 4360.4]]",random,202613400,dataset/masks/400ms/S04.npy
S04_gap600,S04,speech,600,11,"[[0.304, 0.368], [0.784, 0.816], [1.488, 1.552], [2.096, 2.16], [2.32, 2.384], [2.768, 2.832], [3.344, 3.376], [3.664, 3.728], [4.016, 4.048], [4.272, 4.336], [4.432, 4.496]]","[[10, 12], [25, 26], [47, 49], [66, 68], [73, 75], [87, 89], [105, 106], [115, 117], [126, 127], [134, 136], [139, 141]]","[64.0, 32.0, 64.0, 64.0, 64.0, 64.0, 32.0, 64.0, 32.0, 64.0, 64.0]",608.0,19,"[[366.8, 422.4], [837.2, 899.4], [1557.5, 1622.2], [2153.6, 2215.6], [2380.2, 2428.8], [2842.2, 2892.5], [3404.3, 3453.1], [3732.6, 3801.7], [4090.4, 4165.4], [4331.9, 4337.1], [4511.3, 4569.7]]",random,202613600,dataset/masks/600ms/S04.npy
S04_gap800,S04,speech,800,14,"[[0.112, 0.176], [0.368, 0.432], [0.816, 0.88], [1.2, 1.264], [1.552, 1.584], [1.904, 1.968], [2.192, 2.224], [2.512, 2.576], [2.896, 2.96], [3.12, 3.184], [3.408, 3.472], [3.76, 3.824], [4.208, 4.24], [4.528, 4.592]]","[[4, 6], [12, 14], [26, 28], [38, 40], [49, 50], [60, 62], [69, 70], [79, 81], [91, 93], [98, 100], [107, 109], [118, 120], [132, 133], [142, 144]]","[64.0, 64.0, 64.0, 64.0, 32.0, 64.0, 32.0, 64.0, 64.0, 64.0, 64.0, 64.0, 32.0, 64.0]",800.0,25,"[[168.6, 215.4], [440.4, 504.4], [878.4, 944.2], [1277.7, 1325.7], [1616.9, 1669.3], [1976.9, 2034.4], [2266.2, 2341.8], [2576.9, 2640.0], [2972.9, 3026.7], [3193.3, 3242.7], [3476.6, 3518.2], [3824.0, 3887.1], [4281.7, 4339.1], [4607.5, 4668.9]]",random,202613800,dataset/masks/800ms/S04.npy
S04_gap1000,S04,speech,1000,18,"[[0.208, 0.272], [0.432, 0.496], [0.688, 0.72], [1.04, 1.072], [1.296, 1.36], [1.52, 1.584], [1.808, 1.84], [2.096, 2.128], [2.416, 2.48], [2.704, 2.768], [3.056, 3.12], [3.28, 3.344], [3.472, 3.536], [3.696, 3.76], [3.888, 3.952], [4.08, 4.144], [4.432, 4.496], [4.656, 4.688]]","[[7, 9], [14, 16], [22, 23], [33, 34], [41, 43], [48, 50], [57, 58], [66, 67], [76, 78], [85, 87], [96, 98], [103, 105], [109, 111], [116, 118], [122, 124], [128, 130], [139, 141], [146, 147]]","[64.0, 64.0, 32.0, 32.0, 64.0, 64.0, 32.0, 32.0, 64.0, 64.0, 64.0, 64.0, 64.0, 64.0, 64.0, 64.0, 64.0, 32.0]",992.0,31,"[[286.8, 328.9], [489.1, 547.2], [766.5, 830.8], [1111.7, 1171.1], [1372.2, 1424.4], [1585.1, 1632.0], [1875.9, 1936.7], [2151.7, 2193.2], [2479.4, 2558.1], [2767.6, 2843.2], [3120.8, 3175.6], [3335.5, 3375.7], [3545.9, 3605.6], [3764.9, 3807.2], [3961.2, 3991.4], [4147.2, 4212.3], [4501.6, 4550.7], [4728.8, 4808.2]]",random,202614000,dataset/masks/1000ms/S04.npy
S05_gap200,S05,speech,200,4,"[[0.208, 0.24], [1.872, 1.904], [2.864, 2.928], [3.504, 3.568]]","[[7, 8], [59, 60], [90, 92], [110, 112]]","[32.0, 32.0, 64.0, 64.0]",192.0,6,"[[267.8, 289.5], [1938.1, 2016.3], [2931.2, 2973.8], [3574.2, 3631.8]]",random,202614200,dataset/masks/200ms/S05.npy
S05_gap400,S05,speech,400,8,"[[0.24, 0.304], [0.496, 0.528], [0.976, 1.04], [2.352, 2.416], [2.896, 2.928], [3.344, 3.376], [4.208, 4.272], [4.528, 4.592]]","[[8, 10], [16, 17], [31, 33], [74, 76], [91, 92], [105, 106], [132, 134], [142, 144]]","[64.0, 32.0, 64.0, 64.0, 32.0, 32.0, 64.0, 64.0]",416.0,13,"[[306.2, 372.1], [553.4, 600.8], [1035.8, 1075.9], [2403.0, 2455.5], [2947.5, 2989.8], [3407.5, 3457.7], [4271.4, 4331.8], [4578.3, 4619.7]]",random,202614400,dataset/masks/400ms/S05.npy
S05_gap600,S05,speech,600,10,"[[0.432, 0.496], [0.624, 0.688], [0.912, 0.976], [1.296, 1.36], [2.32, 2.384], [2.544, 2.608], [2.896, 2.96], [3.472, 3.504], [3.792, 3.856], [4.592, 4.656]]","[[14, 16], [20, 22], [29, 31], [41, 43], [73, 75], [80, 82], [91, 93], [109, 110], [119, 121], [144, 146]]","[64.0, 64.0, 64.0, 64.0, 64.0, 64.0, 64.0, 32.0, 64.0, 64.0]",608.0,19,"[[506.5, 542.7], [697.8, 776.8], [960.4, 1015.6], [1346.7, 1421.9], [2380.1, 2422.6], [2593.6, 2666.7], [2972.4, 3029.9], [3538.2, 3594.4], [3842.6, 3913.4], [4663.1, 4717.4]]",random,202614600,dataset/masks/600ms/S05.npy
S05_gap800,S05,speech,800,15,"[[0.208, 0.24], [0.464, 0.528], [0.688, 0.752], [1.104, 1.168], [1.392, 1.424], [1.616, 1.68], [2.16, 2.224], [2.48, 2.544], [2.768, 2.832], [3.12, 3.184], [3.408, 3.44], [3.6, 3.632], [3.856, 3.92], [4.272, 4.336], [4.592, 4.624]]","[[7, 8], [15, 17], [22, 24], [35, 37], [44, 45], [51, 53], [68, 70], [78, 80], [87, 89], [98, 100], [107, 108], [113, 114], [121, 123], [134, 136], [144, 145]]","[32.0, 64.0, 64.0, 64.0, 32.0, 64.0, 64.0, 64.0, 64.0, 64.0, 32.0, 32.0, 64.0, 64.0, 32.0]",800.0,25,"[[260.8, 340.7], [529.9, 582.4], [748.6, 795.4], [1163.4, 1207.2], [1442.0, 1495.2], [1680.4, 1722.0], [2214.0, 2265.5], [2547.2, 2592.5], [2826.3, 2885.2], [3175.1, 3241.8], [3476.4, 3501.0], [3657.0, 3736.2], [3935.4, 3989.1], [4321.5, 4377.1], [4646.9, 4693.6]]",random,202614800,dataset/masks/800ms/S05.npy
S05_gap1000,S05,speech,1000,16,"[[0.144, 0.208], [0.496, 0.56], [0.848, 0.912], [1.072, 1.104], [1.328, 1.392], [1.776, 1.84], [2.224, 2.288], [2.48, 2.544], [2.8, 2.864], [3.152, 3.216], [3.504, 3.568], [3.728, 3.792], [3.984, 4.048], [4.208, 4.272], [4.432, 4.496], [4.688, 4.752]]","[[5, 7], [16, 18], [27, 29], [34, 35], [42, 44], [56, 58], [70, 72], [78, 80], [88, 90], [99, 101], [110, 112], [117, 119], [125, 127], [132, 134], [139, 141], [147, 149]]","[64.0, 64.0, 64.0, 32.0, 64.0, 64.0, 64.0, 64.0, 64.0, 64.0, 64.0, 64.0, 64.0, 64.0, 64.0, 64.0]",992.0,31,"[[203.8, 279.8], [557.5, 632.5], [927.8, 968.2], [1136.9, 1191.2], [1384.8, 1456.5], [1847.9, 1919.2], [2280.1, 2343.4], [2543.6, 2610.4], [2879.6, 2951.0], [3227.9, 3277.9], [3552.5, 3631.5], [3799.8, 3875.1], [4051.7, 4096.1], [4281.2, 4331.9], [4509.9, 4572.9], [4761.4, 4808.7]]",random,202615000,dataset/masks/1000ms/S05.npy
S06_gap200,S06,speech,200,4,"[[1.648, 1.712], [2.448, 2.512], [2.96, 2.992], [3.504, 3.536]]","[[52, 54], [77, 79], [93, 94], [110, 111]]","[64.0, 64.0, 32.0, 32.0]",192.0,6,"[[1706.7, 1768.1], [2516.2, 2577.6], [3010.1, 3050.6], [3575.5, 3612.2]]",random,202615200,dataset/masks/200ms/S06.npy
S06_gap400,S06,speech,400,8,"[[0.304, 0.368], [0.72, 0.784], [1.232, 1.264], [1.744, 1.808], [2.512, 2.544], [3.952, 4.016], [4.272, 4.304], [4.72, 4.784]]","[[10, 12], [23, 25], [39, 40], [55, 57], [79, 80], [124, 126], [134, 135], [148, 150]]","[64.0, 64.0, 32.0, 64.0, 32.0, 64.0, 32.0, 64.0]",416.0,13,"[[375.4, 384.4], [770.3, 824.9], [1309.9, 1350.6], [1800.4, 1875.4], [2573.7, 2620.8], [4026.9, 4068.9], [4350.9, 4414.6], [4771.9, 4839.8]]",random,202615400,dataset/masks/400ms/S06.npy
S06_gap600,S06,speech,600,10,"[[0.176, 0.24], [0.496, 0.56], [1.168, 1.232], [1.648, 1.712], [2.096, 2.16], [2.48, 2.544], [2.992, 3.056], [3.504, 3.536], [4.336, 4.4], [4.592, 4.656]]","[[6, 8], [16, 18], [37, 39], [52, 54], [66, 68], [78, 80], [94, 96], [110, 111], [136, 138], [144, 146]]","[64.0, 64.0, 64.0, 64.0, 64.0, 64.0, 64.0, 32.0, 64.0, 64.0]",608.0,19,"[[238.8, 297.0], [574.0, 640.8], [1222.1, 1269.3], [1720.2, 1774.4], [2173.8, 2229.6], [2556.1, 2627.1], [3047.2, 3109.7], [3562.9, 3616.4], [4389.9, 4452.6], [4653.0, 4721.1]]",random,202615600,dataset/masks/600ms/S06.npy
S06_gap800,S06,speech,800,13,"[[0.432, 0.496], [0.72, 0.784], [1.04, 1.104], [1.424, 1.456], [1.904, 1.968], [2.16, 2.224], [2.384, 2.448], [2.704, 2.768], [2.928, 2.992], [3.152, 3.216], [3.44, 3.504], [3.824, 3.888], [4.368, 4.432]]","[[14, 16], [23, 25], [33, 35], [45, 46], [60, 62], [68, 70], [75, 77], [85, 87], [92, 94], [99, 101], [108, 110], [120, 122], [137, 139]]","[64.0, 64.0, 64.0, 32.0, 64.0, 64.0, 64.0, 64.0, 64.0, 64.0, 64.0, 64.0, 64.0]",800.0,25,"[[509.3, 566.5], [792.4, 847.2], [1093.5, 1155.4], [1476.3, 1517.0], [1952.7, 2031.1], [2227.2, 2283.4], [2449.2, 2513.9], [2763.8, 2832.1], [2988.8, 3030.1], [3228.6, 3297.1], [3492.1, 3560.2], [3878.6, 3942.9], [4426.6, 4502.2]]",random,202615800,dataset/masks/800ms/S06.npy
S06_gap1000,S06,speech,1000,18,"[[0.112, 0.176], [0.432, 0.464], [0.72, 0.784], [0.944, 0.976], [1.168, 1.232], [1.424, 1.488], [1.744, 1.808], [1.968, 2.032], [2.224, 2.288], [2.448, 2.512], [2.704, 2.768], [2.928, 2.96], [3.216, 3.28], [3.664, 3.728], [3.952, 3.984], [4.144, 4.176], [4.4, 4.464], [4.624, 4.688]]","[[4, 6], [14, 15], [23, 25], [30, 31], [37, 39], [45, 47], [55, 57], [62, 64], [70, 72], [77, 79], [85, 87], [92, 93], [101, 103], [115, 117], [124, 125], [130, 131], [138, 140], [145, 147]]","[64.0, 32.0, 64.0, 32.0, 64.0, 64.0, 64.0, 64.0, 64.0, 64.0, 64.0, 32.0, 64.0, 64.0, 32.0, 32.0, 64.0, 64.0]",992.0,31,"[[161.0, 213.0], [498.4, 561.6], [768.2, 809.6], [994.9, 1063.0], [1241.2, 1300.4], [1491.9, 1557.1], [1798.9, 1872.2], [2025.1, 2078.0], [2287.1, 2341.9], [2511.8, 2581.7], [2760.0, 2803.6], [2978.1, 3032.7], [3290.6, 3365.6], [3725.9, 3767.6], [4013.8, 4060.1], [4223.5, 4264.1], [4479.5, 4520.2], [4672.7, 4730.0]]",random,202616000,dataset/masks/1000ms/S06.npy
S07_gap200,S07,speech,200,4,"[[1.04, 1.104], [1.616, 1.648], [2.096, 2.128], [4.656, 4.72]]","[[33, 35], [51, 52], [66, 67], [146, 148]]","[64.0, 32.0, 32.0, 64.0]",192.0,6,"[[1110.2, 1123.6], [1681.9, 1737.4], [2172.5, 2244.4], [4735.3, 4794.4]]",random,202616200,dataset/masks/200ms/S07.npy
S07_gap400,S07,speech,400,7,"[[0.112, 0.176], [1.104, 1.168], [1.488, 1.552], [1.808, 1.872], [2.48, 2.544], [4.016, 4.08], [4.688, 4.72]]","[[4, 6], [35, 37], [47, 49], [57, 59], [78, 80], [126, 128], [147, 148]]","[64.0, 64.0, 64.0, 64.0, 64.0, 64.0, 32.0]",416.0,13,"[[171.8, 235.9], [1160.8, 1194.0], [1559.2, 1631.2], [1883.8, 1952.7], [2558.9, 2603.4], [4068.5, 4143.1], [4753.7, 4796.4]]",random,202616400,dataset/masks/400ms/S07.npy
S07_gap600,S07,speech,600,11,"[[0.208, 0.272], [0.592, 0.656], [1.136, 1.168], [1.392, 1.424], [1.712, 1.776], [2.128, 2.192], [2.576, 2.64], [2.928, 2.992], [3.216, 3.28], [3.664, 3.696], [4.048, 4.112]]","[[7, 9], [19, 21], [36, 37], [44, 45], [54, 56], [67, 69], [81, 83], [92, 94], [101, 103], [115, 116], [127, 129]]","[64.0, 64.0, 32.0, 32.0, 64.0, 64.0, 64.0, 64.0, 64.0, 32.0, 64.0]",608.0,19,"[[264.8, 334.1], [668.9, 723.4], [1186.7, 1234.9], [1459.5, 1501.2], [1767.3, 1810.3], [2205.1, 2245.7], [2634.4, 2709.2], [2987.6, 3016.1], [3266.3, 3315.5], [3724.6, 3796.1], [4108.5, 4187.1]]",random,202616600,dataset/masks/600ms/S07.npy
S07_gap800,S07,speech,800,13,"[[0.144, 0.208], [0.4, 0.464], [0.592, 0.656], [1.136, 1.2], [1.392, 1.456], [1.872, 1.936], [2.128, 2.192], [2.512, 2.576], [2.8, 2.864], [3.472, 3.536], [3.792, 3.856], [4.016, 4.048], [4.624, 4.688]]","[[5, 7], [13, 15], [19, 21], [36, 38], [44, 46], [59, 61], [67, 69], [79, 81], [88, 90], [109, 111], [119, 121], [126, 127], [145, 147]]","[64.0, 64.0, 64.0, 64.0, 64.0, 64.0, 64.0, 64.0, 64.0, 64.0, 64.0, 32.0, 64.0]",800.0,25,"[[204.2, 275.0], [451.7, 495.2], [646.9, 704.1], [1214.6, 1271.5], [1448.2, 1491.5], [1932.2, 2001.7], [2206.8, 2252.0], [2569.6, 2618.8], [2851.2, 2914.3], [3064.3, 3126.0], [3538.6, 3606.7], [3852.4, 3898.3], [4083.9, 4157.6], [4684.8, 4736.6]]",random,202616800,dataset/masks/800ms/S07.npy
S07_gap1000,S07,speech,1000,17,"[[0.336, 0.368], [0.592, 0.656], [0.88, 0.944], [1.136, 1.2], [1.392, 1.456], [1.68, 1.744], [1.936, 2.0], [2.224, 2.288], [2.48, 2.544], [2.736, 2.8], [3.024, 3.088], [3.28, 3.312], [3.568, 3.6], [3.824, 3.888], [4.112, 4.176], [4.368, 4.432], [4.624, 4.688]]","[[11, 12], [19, 21], [28, 30], [36, 38], [44, 46], [53, 55], [61, 63], [70, 72], [78, 80], [86, 88], [95, 97], [103, 104], [112, 113], [120, 122], [129, 131], [137, 139], [145, 147]]","[32.0, 64.0, 64.0, 64.0, 64.0, 64.0, 64.0, 64.0, 64.0, 64.0, 64.0, 32.0, 32.0, 64.0, 64.0, 64.0, 64.0]",992.0,31,"[[389.4, 449.4], [658.9, 718.9], [928.3, 988.3], [1197.8, 1257.8], [1467.2, 1527.2], [1736.6, 1796.6], [2006.1, 2066.1], [2275.5, 2335.5], [2544.9, 2604.9], [2814.4, 2874.4], [3083.8, 3143.8], [3353.2, 3413.2], [3622.7, 3682.7], [3892.1, 3952.1], [4161.6, 4221.6], [4431.0, 4491.0], [4700.4, 4760.4]]",fallback_even,202617000,dataset/masks/1000ms/S07.npy
S08_gap200,S08,speech,200,4,"[[1.36, 1.424], [1.808, 1.84], [3.92, 3.952], [4.464, 4.528]]","[[43, 45], [57, 58], [123, 124], [140, 142]]","[64.0, 32.0, 32.0, 64.0]",192.0,6,"[[1435.8, 1468.2], [1873.1, 1917.7], [3980.2, 4051.9], [4533.9, 4585.2]]",random,202617200,dataset/masks/200ms/S08.npy
S08_gap400,S08,speech,400,7,"[[0.304, 0.368], [0.976, 1.04], [1.424, 1.488], [2.096, 2.16], [3.408, 3.44], [3.792, 3.856], [4.24, 4.304]]","[[10, 12], [31, 33], [45, 47], [66, 68], [107, 108], [119, 121], [133, 135]]","[64.0, 64.0, 64.0, 64.0, 32.0, 64.0, 64.0]",416.0,13,"[[368.0, 426.1], [1029.6, 1070.6], [1474.8, 1527.9], [2152.8, 2200.5], [3487.0, 3538.0], [3859.3, 3930.2], [4302.1, 4380.4]]",random,202617400,dataset/masks/400ms/S08.npy
S08_gap600,S08,speech,600,11,"[[0.144, 0.208], [0.56, 0.624], [1.264, 1.328], [1.68, 1.744], [2.192, 2.256], [2.608, 2.64], [3.152, 3.216], [3.44, 3.504], [3.824, 3.888], [4.144, 4.176], [4.592, 4.624]]","[[5, 7], [18, 20], [40, 42], [53, 55], [69, 71], [82, 83], [99, 101], [108, 110], [120, 122], [130, 131], [144, 145]]","[64.0, 64.0, 64.0, 64.0, 64.0, 32.0, 64.0, 64.0, 64.0, 32.0, 32.0]",608.0,19,"[[208.2, 249.6], [639.9, 686.2], [1342.1, 1384.2], [1747.8, 1804.7], [2252.9, 2282.0], [2679.6, 2744.9], [3228.3, 3308.2], [3490.9, 3558.5], [3903.6, 3946.9], [4214.1, 4277.5], [4666.6, 4731.2]]",random,202617600,dataset/masks/600ms/S08.npy
S08_gap800,S08,speech,800,14,"[[0.24, 0.304], [0.72, 0.784], [1.04, 1.072], [1.264, 1.328], [1.712, 1.776], [2.192, 2.256], [2.544, 2.608], [2.832, 2.864], [3.184, 3.216], [3.408, 3.472], [3.664, 3.728], [3.984, 4.048], [4.368, 4.432], [4.688, 4.752]]","[[8, 10], [23, 25], [33, 34], [40, 42], [54, 56], [69, 71], [80, 82], [89, 90], [100, 101], [107, 109], [115, 117], [125, 127], [137, 139], [147, 149]]","[64.0, 64.0, 32.0, 64.0, 64.0, 64.0, 64.0, 32.0, 32.0, 64.0, 64.0, 64.0, 64.0, 64.0]",800.0,25,"[[305.6, 378.6], [799.2, 861.8], [1100.7, 1172.1], [1341.9, 1411.9], [1778.5, 1818.7], [2252.1, 2320.3], [2598.0, 2662.1], [2908.9, 2954.9], [3254.1, 3294.7], [3461.6, 3520.8], [3736.1, 3751.8], [4038.9, 4087.5], [4416.1, 4476.6], [4759.2, 4839.1]]",random,202617800,dataset/masks/800ms/S08.npy
S08_gap1000,S08,speech,1000,18,"[[0.176, 0.208], [0.4, 0.464], [0.656, 0.688], [0.912, 0.976], [1.168, 1.232], [1.456, 1.52], [1.712, 1.776], [1.968, 2.0], [2.192, 2.256], [2.416, 2.48], [2.608, 2.672], [2.832, 2.896], [3.152, 3.216], [3.568, 3.632], [3.824, 3.888], [4.048, 4.112], [4.24, 4.272], [4.56, 4.592]]","[[6, 7], [13, 15], [21, 22], [29, 31], [37, 39], [46, 48], [54, 56], [62, 63], [69, 71], [76, 78], [82, 84], [89, 91], [99, 101], [112, 114], [120, 122], [127, 129], [133, 134], [143, 144]]","[32.0, 64.0, 32.0, 64.0, 64.0, 64.0, 64.0, 32.0, 64.0, 64.0, 64.0, 64.0, 64.0, 64.0, 64.0, 64.0, 32.0, 32.0]",992.0,31,"[[236.4, 305.6], [460.8, 503.2], [714.4, 760.1], [986.6, 1066.2], [1220.8, 1265.4], [1532.9, 1580.8], [1782.2, 1837.8], [2042.9, 2087.5], [2266.1, 2308.4], [2480.5, 2521.4], [2682.6, 2733.2], [2889.4, 2956.5], [3208.9, 3272.8], [3620.9, 3695.8], [3876.9, 3954.6], [4117.4, 4145.1], [4297.1, 4368.8], [4615.5, 4669.6]]",random,202618000,dataset/masks/1000ms/S08.npy
S09_gap200,S09,speech,200,4,"[[0.144, 0.176], [0.56, 0.624], [1.296, 1.36], [1.552, 1.584]]","[[5, 6], [18, 20], [41, 43], [49, 50]]","[32.0, 64.0, 64.0, 32.0]",192.0,6,"[[221.2, 276.6], [624.9, 703.6], [1371.3, 1391.1], [1606.6, 1652.9]]",random,202618200,dataset/masks/200ms/S09.npy
S09_gap400,S09,speech,400,7,"[[0.112, 0.176], [1.584, 1.648], [2.16, 2.224], [2.384, 2.448], [3.312, 3.344], [3.664, 3.728], [4.656, 4.72]]","[[4, 6], [50, 52], [68, 70], [75, 77], [104, 105], [115, 117], [146, 148]]","[64.0, 64.0, 64.0, 64.0, 32.0, 64.0, 64.0]",416.0,13,"[[161.6, 212.7], [1642.9, 1714.1], [2222.2, 2285.1], [2443.1, 2503.0], [3374.3, 3450.4], [3734.8, 3810.4], [4704.1, 4707.2]]",random,202618400,dataset/masks/400ms/S09.npy
S09_gap600,S09,speech,600,10,"[[0.336, 0.4], [0.784, 0.848], [1.424, 1.488], [1.84, 1.904], [2.736, 2.8], [3.024, 3.056], [3.344, 3.408], [4.048, 4.112], [4.464, 4.528], [4.688, 4.752]]","[[11, 13], [25, 27], [45, 47], [58, 60], [86, 88], [95, 96], [105, 107], [127, 129], [140, 142], [147, 149]]","[64.0, 64.0, 64.0, 64.0, 64.0, 32.0, 64.0, 64.0, 64.0, 64.0]",608.0,19,"[[397.9, 450.6], [849.6, 917.1], [1494.4, 1561.9], [1915.5, 1992.4], [2803.1, 2857.1], [3101.8, 3174.4], [3417.2, 3486.6], [4101.1, 4122.2], [4527.7, 4573.4], [4746.8, 4819.2]]",random,202618600,dataset/masks/600ms/S09.npy
S09_gap800,S09,speech,800,14,"[[0.464, 0.496], [0.816, 0.88], [1.2, 1.264], [1.424, 1.488], [1.648, 1.712], [2.416, 2.48], [2.704, 2.768], [3.024, 3.088], [3.248, 3.312], [3.6, 3.664], [3.856, 3.888], [4.08, 4.144], [4.272, 4.336], [4.656, 4.688]]","[[15, 16], [26, 28], [38, 40], [45, 47], [52, 54], [76, 78], [85, 87], [95, 97], [102, 104], [113, 115], [121, 122], [128, 130], [134, 136], [146, 147]]","[32.0, 64.0, 64.0, 64.0, 64.0, 64.0, 64.0, 64.0, 64.0, 64.0, 32.0, 64.0, 64.0, 32.0]",800.0,25,"[[536.9, 591.6], [885.5, 956.9], [1272.7, 1331.7], [1490.5, 1530.9], [1712.9, 1791.8], [2489.4, 2559.8], [2762.6, 2825.1], [3088.2, 3139.6], [3300.1, 3368.8], [3670.8, 3729.1], [3917.1, 3972.8], [4130.9, 4158.8], [4331.0, 4378.1], [4712.9, 4766.4]]",random,202618800,dataset/masks/800ms/S09.npy
S09_gap1000,S09,speech,1000,17,"[[0.208, 0.272], [0.528, 0.592], [1.008, 1.072], [1.36, 1.392], [1.616, 1.648], [1.904, 1.936], [2.192, 2.256], [2.416, 2.48], [2.672, 2.736], [3.056, 3.12], [3.248, 3.312], [3.472, 3.536], [3.696, 3.76], [3.92, 3.984], [4.24, 4.304], [4.496, 4.56], [4.752, 4.816]]","[[7, 9], [17, 19], [32, 34], [43, 44], [51, 52], [60, 61], [69, 71], [76, 78], [84, 86], [96, 98], [102, 104], [109, 111], [116, 118], [123, 125], [133, 135], [141, 143], [149, 151]]","[64.0, 64.0, 64.0, 32.0, 32.0, 32.0, 64.0, 64.0, 64.0, 64.0, 64.0, 64.0, 64.0, 64.0, 64.0, 64.0, 64.0]",992.0,31,"[[282.9, 362.6], [601.2, 656.9], [1059.6, 1130.1], [1416.9, 1480.5], [1675.2, 1749.6], [1979.7, 2036.1], [2243.6, 2302.1], [2485.4, 2546.4], [2744.4, 2811.0], [3112.6, 3162.9], [3324.1, 3368.4], [3528.8, 3597.2], [3762.2, 3812.4], [3994.0, 4036.2], [4291.3, 4339.4], [4544.1, 4620.4], [4807.5, 4841.3]]",random,202619000,dataset/masks/1000ms/S09.npy
S10_gap200,S10,speech,200,3,"[[1.68, 1.744], [3.184, 3.248], [3.472, 3.536]]","[[53, 55], [100, 102], [109, 111]]","[64.0, 64.0, 64.0]",192.0,6,"[[1749.2, 1819.2], [3261.2, 3322.1], [3545.2, 3614.4]]",random,202619200,dataset/masks/200ms/S10.npy
S10_gap400,S10,speech,400,7,"[[0.88, 0.944], [1.104, 1.136], [1.52, 1.584], [2.512, 2.576], [3.152, 3.216], [3.536, 3.6], [4.464, 4.528]]","[[28, 30], [35, 36], [48, 50], [79, 81], [99, 101], [111, 113], [140, 142]]","[64.0, 32.0, 64.0, 64.0, 64.0, 64.0, 64.0]",416.0,13,"[[947.1, 1011.9], [1164.4, 1243.4], [1584.4, 1644.0], [2574.8, 2641.9], [3214.9, 3259.8], [3596.2, 3671.9], [4515.1, 4524.1]]",random,202619400,dataset/masks/400ms/S10.npy
S10_gap600,S10,speech,600,11,"[[0.72, 0.752], [1.168, 1.232], [1.488, 1.52], [1.712, 1.776], [2.224, 2.288], [2.928, 2.992], [3.184, 3.248], [3.536, 3.568], [3.888, 3.952], [4.112, 4.176], [4.656, 4.72]]","[[23, 24], [37, 39], [47, 48], [54, 56], [70, 72], [92, 94], [100, 102], [111, 112], [122, 124], [129, 131], [146, 148]]","[32.0, 64.0, 32.0, 64.0, 64.0, 64.0, 64.0, 32.0, 64.0, 64.0, 64.0]",608.0,19,"[[770.2, 825.9], [1217.9, 1277.6], [1554.9, 1609.1], [1776.8, 1834.4], [2274.4, 2342.3], [2986.7, 3042.2], [3256.8, 3316.4], [3602.9, 3655.1], [3942.0, 3985.4], [4171.3, 4218.1], [4706.4, 4753.8]]",random,202619600,dataset/masks/600ms/S10.npy
S10_gap800,S10,speech,800,14,"[[0.176, 0.24], [0.688, 0.752], [0.944, 1.008], [1.168, 1.232], [1.456, 1.52], [1.68, 1.712], [2.0, 2.064], [2.32, 2.384], [2.736, 2.768], [3.056, 3.12], [3.504, 3.536], [3.696, 3.76], [4.176, 4.24], [4.688, 4.752]]","[[6, 8], [22, 24], [30, 32], [37, 39], [46, 48], [53, 54], [63, 65], [73, 75], [86, 87], [96, 98], [110, 111], [116, 118], [131, 133], [147, 149]]","[64.0, 64.0, 64.0, 64.0, 64.0, 32.0, 64.0, 64.0, 32.0, 64.0, 32.0, 64.0, 64.0, 64.0]",800.0,25,"[[238.8, 292.1], [747.2, 797.0], [1012.9, 1079.6], [1247.5, 1293.9], [1514.3, 1568.6], [1745.6, 1808.7], [2070.0, 2120.6], [2385.8, 2465.2], [2789.0, 2859.4], [3129.4, 3184.2], [3552.9, 3603.9], [3757.0, 3803.2], [4243.4, 4296.1], [4740.3, 4801.7]]",random,202619800,dataset/masks/800ms/S10.npy
S10_gap1000,S10,speech,1000,17,"[[0.24, 0.304], [0.624, 0.688], [1.008, 1.072], [1.232, 1.296], [1.424, 1.488], [1.68, 1.744], [1.936, 2.0], [2.384, 2.448], [2.608, 2.672], [2.8, 2.864], [2.992, 3.024], [3.248, 3.312], [3.504, 3.536], [3.792, 3.856], [4.048, 4.112], [4.368, 4.432], [4.656, 4.688]]","[[8, 10], [20, 22], [32, 34], [39, 41], [45, 47], [53, 55], [61, 63], [75, 77], [82, 84], [88, 90], [94, 95], [102, 104], [110, 111], [119, 121], [127, 129], [137, 139], [146, 147]]","[64.0, 64.0, 64.0, 64.0, 64.0, 64.0, 64.0, 64.0, 64.0, 64.0, 32.0, 64.0, 32.0, 64.0, 64.0, 64.0, 32.0]",992.0,31,"[[313.7, 372.4], [687.2, 742.3], [1076.7, 1136.5], [1287.4, 1337.6], [1501.6, 1564.6], [1756.2, 1807.2], [2009.1, 2082.8], [2239.1, 2287.1], [2438.7, 2507.8], [2669.9, 2694.1], [2849.5, 2904.8], [3057.1, 3105.2], [3310.4, 3353.7], [3567.4, 3625.2], [3855.0, 3927.8], [4118.5, 4169.2], [4433.4, 4501.6], [4709.6, 4760.7]]",random,202620000,dataset/masks/1000ms/S10.npy
