run_id,clip_id,category,gap_condition_ms,signal,region,n_samples,seconds,rmse,nmse_lin,nrmse,nmse_db,snr_db
M01_gap200,M01,music,200,corrupted,missing,3072,0.192,0.054991048023218136,0.512546563104849,0.7159235735082684,-2.90266674309449,2.90266674309449
M01_gap200,M01,music,200,corrupted,transition,6144,0.384,0.013168085923335663,0.042886202532615186,0.20708984169344277,-13.676824077629185,13.676824077629185
M01_gap200,M01,music,200,corrupted,observed,70784,4.424,1.60111999092399e-19,3.780248568975953e-36,1.9442861335142915e-18,-354.2247964233596,354.2247964233596
M01_gap200,M01,music,200,corrupted,all,80000,5.0,0.011377134688491936,0.019799879981445993,0.14071204632669512,-17.033374422411814,17.033374422411814
M01_gap200,M01,music,200,dpai,missing,3072,0.192,0.017265219517857665,0.05052351315441709,0.22477436053610983,-12.965064583833366,12.965064583833366
M01_gap200,M01,music,200,dpai,transition,6144,0.384,0.006797747934478764,0.011428846558634877,0.10690578356026804,-19.419975979946777,19.419975979946777
M01_gap200,M01,music,200,dpai,observed,70784,4.424,0.0059721803182230596,0.005259426878786133,0.07252190619934182,-22.790615784587487,22.790615784587487
M01_gap200,M01,music,200,dpai,all,80000,5.0,0.006823016809908499,0.007121141922366748,0.08438685870659453,-21.47450358776397,21.47450358776397
M01_gap200,M01,music,200,dpai_ctx,missing,3072,0.192,0.016158109318521262,0.04425174658163242,0.21036099111202253,-13.540695833662541,13.540695833662541
M01_gap200,M01,music,200,dpai_ctx,transition,6144,0.384,0.003273258516578386,0.0026499208476878817,0.051477381903976833,-25.767670981106523,25.767670981106523
M01_gap200,M01,music,200,dpai_ctx,observed,70784,4.424,1.8633965628336263e-17,5.120155819096452e-32,2.262776131016158e-16,-312.90716822160095,312.90716822160095
M01_gap200,M01,music,200,dpai_ctx,all,80000,5.0,0.0032937056444479664,0.0016594582357683041,0.0407364484923306,-27.80033673176201,27.80033673176201
M02_gap200,M02,music,200,corrupted,missing,3072,0.192,0.09687934535606466,0.6210194051281088,0.7880478444410014,-2.0689482911748045,2.0689482911748045
M02_gap200,M02,music,200,corrupted,transition,6144,0.384,0.02325707792883728,0.04033229194351421,0.20082901170775652,-13.943470978500908,13.943470978500908
M02_gap200,M02,music,200,corrupted,observed,70784,4.424,1.4365787626716817e-19,2.3378821489843924e-36,1.5290134561161954e-18,-356.31177385105644,356.31177385105644
M02_gap200,M02,music,200,corrupted,all,80000,5.0,0.020048636131196396,0.042665770954307944,0.20655694361194432,-13.699204024237794,13.699204024237794
M02_gap200,M02,music,200,dpai,missing,3072,0.192,0.017448788371997894,0.02014528104525973,0.14193407288336277,-16.9582666942457,16.9582666942457
M02_gap200,M02,music,200,dpai,transition,6144,0.384,0.005758157479652211,0.0024723484652539912,0.04972271578719319,-26.068903176158372,26.068903176158372
M02_gap200,M02,music,200,dpai,observed,70784,4.424,0.003996790462204602,0.0018096162680465505,0.042539584718783406,-27.424135081905632,27.424135081905632
M02_gap200,M02,music,200,dpai,all,80000,5.0,0.005326516009526808,0.0030115938625711134,0.05487799069363886,-25.212035965938696,25.212035965938696
M02_gap200,M02,music,200,dpai_ctx,missing,3072,0.192,0.016919108708977344,0.018940774851273656,0.1376254876513564,-17.226022583449364,17.226022583449364
M02_gap200,M02,music,200,dpai_ctx,transition,6144,0.384,0.003652454681411537,0.0009947461754022378,0.03153959694419441,-30.022877219527693,30.022877219527693
M02_gap200,M02,music,200,dpai_ctx,observed,70784,4.424,1.996457016938999e-17,4.5152693246716117e-32,2.124916310039436e-16,-313.45316339983856,313.45316339983856
M02_gap200,M02,music,200,dpai_ctx,all,80000,5.0,0.0034665233667725026,0.0012755520762746581,0.035714871920177145,-28.94301805986342,28.94301805986342
M03_gap200,M03,music,200,corrupted,missing,3072,0.192,0.11239054746522371,0.6561859925614413,0.8100530800888552,-1.8297304462690056,1.8297304462690056
M03_gap200,M03,music,200,corrupted,transition,6144,0.384,0.021991649520440106,0.03788518743824414,0.19464117611195259,-14.21530559722623,14.21530559722623
M03_gap200,M03,music,200,corrupted,observed,70784,4.424,1.515567586981449e-19,1.8200457798964046e-36,1.3490907233749718e-18,-357.3991768800045,357.3991768800045
M03_gap200,M03,music,200,corrupted,all,80000,5.0,0.022851647151591287,0.040524369506876184,0.20130665539637824,-13.922837333410055,13.922837333410055
M03_gap200,M03,music,200,dpai,missing,3072,0.192,0.03183055009316338,0.05263270251973014,0.22941818262668315,-12.78744329787531,12.78744329787531
M03_gap200,M03,music,200,dpai,transition,6144,0.384,0.009539417749806302,0.007128490329335114,0.08443038747592667,-21.470024352337163,21.470024352337163
M03_gap200,M03,music,200,dpai,observed,70784,4.424,0.007816807286037996,0.0048416178224805415,0.06958173483379486,-23.15009494972442,23.15009494972442
M03_gap200,M03,music,200,dpai,all,80000,5.0,0.009997928340545666,0.007757133877169532,0.08807459268807055,-21.102987131820555,21.102987131820555
M03_gap200,M03,music,200,dpai_ctx,missing,3072,0.192,0.030622348822552437,0.0487129443661391,0.22071009121954324,-13.123556194875379,13.123556194875379
M03_gap200,M03,music,200,dpai_ctx,transition,6144,0.384,0.004841808194681195,0.001836407219338155,0.04285332215054225,-27.360310085914005,27.360310085914005
M03_gap200,M03,music,200,dpai_ctx,observed,70784,4.424,2.4212898064340302e-17,4.6454227470096744e-32,2.1553242788521812e-16,-313.32974757808256,313.32974757808256
M03_gap200,M03,music,200,dpai_ctx,all,80000,5.0,0.006148918220872069,0.0029341254721198333,0.0541675684530867,-25.32521318344085,25.32521318344085
M04_gap200,M04,music,200,corrupted,missing,3072,0.192,0.16093122299883966,0.6058970945782908,0.7783939199263383,-2.1760113004455164,2.1760113004455164
M04_gap200,M04,music,200,corrupted,transition,6144,0.384,0.04070649549343798,0.04476075632913978,0.2115673801159805,-13.49102583743402,13.49102583743402
M04_gap200,M04,music,200,corrupted,observed,70784,4.424,1.5566020059206722e-19,9.700545471545977e-37,9.849134719124303e-19,-360.1320384422635,360.1320384422635
M04_gap200,M04,music,200,corrupted,all,80000,5.0,0.03349291282832961,0.04219564906498918,0.20541579555864048,-13.74732328291497,13.74732328291497
M04_gap200,M04,music,200,dpai,missing,3072,0.192,0.07813083107699818,0.14281148475020133,0.3779040681842435,-8.452368656475354,8.452368656475354
M04_gap200,M04,music,200,dpai,transition,6144,0.384,0.045239389265055364,0.05528450857279026,0.2351265798942992,-12.573965465231428,12.573965465231428
M04_gap200,M04,music,200,dpai,observed,70784,4.424,0.03853271906405471,0.05944294209801043,0.24380923300402393,-12.258997035323034,12.258997035323034
M04_gap200,M04,music,200,dpai,all,80000,5.0,0.041295446861850466,0.06414549686618738,0.2532696129941122,-11.928338265035642,11.928338265035642
M04_gap200,M04,music,200,dpai_ctx,missing,3072,0.192,0.06800842856655355,0.10820410232639212,0.32894391972856424,-9.657562735737976,9.657562735737976
M04_gap200,M04,music,200,dpai_ctx,transition,6144,0.384,0.01114806912628772,0.0033571387651354775,0.05794082123283616,-24.740307071025697,24.740307071025697
M04_gap200,M04,music,200,dpai_ctx,observed,70784,4.424,3.4267029376514125e-17,4.7010394750194396e-32,2.1681880626503412e-16,-313.2780610198955,313.2780610198955
M04_gap200,M04,music,200,dpai_ctx,all,80000,5.0,0.013680288062343945,0.0070396702751132365,0.08390274295345318,-21.524476819164633,21.524476819164633
